TURMA;NOME;CURRICULOS;CURSO;TURNO;CREDITOS;PROFESSOR;NUMERO_PREVISTO_INSCRITOS;LABORATORIO_EXIGIDO;HORARIO_D;HORARIO_S;
T1;DESENHO ASSISTIDO POR COMPUTADOR;EC.S3.2019.2;EC;TARDE;4;ÁUREO FREIRE;>20;LAB. CAD;5;2;
T1;DESENHO ASSISTIDO POR COMPUTADOR;EC.S3.2019.2;EC;TARDE;4;ÁUREO FREIRE;>20;LAB. CAD;5;3;
T1;DESENHO ASSISTIDO POR COMPUTADOR;EC.S3.2019.2;EC;TARDE;4;ÁUREO FREIRE;>20;LAB. CAD;6;2;
T1;DESENHO ASSISTIDO POR COMPUTADOR;EC.S3.2019.2;EC;TARDE;4;ÁUREO FREIRE;>20;LAB. CAD;6;3;
T2;CAD;TSE.S2.2020.1;TSE;NOITE;4;ÁUREO FREIRE;<20;;9;2;
T2;CAD;TSE.S2.2020.1;TSE;NOITE;4;ÁUREO FREIRE;<20;;10;2;
T2;CAD;TSE.S2.2020.1;TSE;NOITE;4;ÁUREO FREIRE;<20;;11;3;
T2;CAD;TSE.S2.2020.1;TSE;NOITE;4;ÁUREO FREIRE;<20;;12;3;
T3;PROJETO ARQUITETÔNICO I;TSE.S3.2019.2;TSE;NOITE;4;ÁUREO FREIRE;<20;LAB. DESENHO TÉCNICO;9;3;
T3;PROJETO ARQUITETÔNICO I;TSE.S3.2019.2;TSE;NOITE;4;ÁUREO FREIRE;<20;LAB. DESENHO TÉCNICO;10;3;
T3;PROJETO ARQUITETÔNICO I;TSE.S3.2019.2;TSE;NOITE;4;ÁUREO FREIRE;<20;LAB. DESENHO TÉCNICO;11;4;
T3;PROJETO ARQUITETÔNICO I;TSE.S3.2019.2;TSE;NOITE;4;ÁUREO FREIRE;<20;LAB. DESENHO TÉCNICO;12;4;
T4;PROJETO ARQUITETÔNICO II ;TIE.S7.2019.2;TIE;TARDE;4;ÁUREO FREIRE;<20;LAB. CAD;5;4;
T4;PROJETO ARQUITETÔNICO II ;TIE.S7.2019.2;TIE;TARDE;4;ÁUREO FREIRE;<20;LAB. CAD;6;4;
T4;PROJETO ARQUITETÔNICO II ;TIE.S7.2019.2;TIE;TARDE;4;ÁUREO FREIRE;<20;LAB. CAD;7;2;
T4;PROJETO ARQUITETÔNICO II ;TIE.S7.2019.2;TIE;TARDE;4;ÁUREO FREIRE;<20;LAB. CAD;8;2;
T5;FÍSICA III;EC.S4.2019.2;EC;MANHA;4;ADRIANO BRITO;>20;;1;2;
T5;FÍSICA III;EC.S4.2019.2;EC;MANHA;4;ADRIANO BRITO;>20;;2;2;
T5;FÍSICA III;EC.S4.2019.2;EC;MANHA;4;ADRIANO BRITO;>20;;3;1;
T5;FÍSICA III;EC.S4.2019.2;EC;MANHA;4;ADRIANO BRITO;>20;;4;1;
T6;FÍSICA I;EC.S1.RETIDOS.2019.2;EC;MANHA;4;ADRIANO BRITO;<20;;3;2;
T6;FÍSICA I;EC.S1.RETIDOS.2019.2;EC;MANHA;4;ADRIANO BRITO;<20;;3;3;
T6;FÍSICA I;EC.S1.RETIDOS.2019.2;EC;MANHA;4;ADRIANO BRITO;<20;;4;2;
T6;FÍSICA I;EC.S1.RETIDOS.2019.2;EC;MANHA;4;ADRIANO BRITO;<20;;4;3;
T7;FÍSICA BÁSICA;TSE.S1.2019.2;TSE;NOITE;2;ADRIANO BRITO;<20;;9;3;
T7;FÍSICA BÁSICA;TSE.S1.2019.2;TSE;NOITE;2;ADRIANO BRITO;<20;;10;3;
T8;ELETRICIDADE BÁSICA;TSE.S2.2020.1;TSE;NOITE;2;ADRIANO BRITO;>20;;11;1;
T8;ELETRICIDADE BÁSICA;TSE.S2.2020.1;TSE;NOITE;2;ADRIANO BRITO;>20;;12;1;
T9;FÍSICA III ;TIE.S3.2020.1;TIE;TARDE;1;ADRIANO BRITO;>20;;5;3;
T10;FÍSICA III ;TIE.S3.2020.1;TIE;TARDE;2;ADRIANO BRITO;>20;;7;2;
T10;FÍSICA III ;TIE.S3.2020.1;TIE;TARDE;2;ADRIANO BRITO;>20;;8;2;
T11;FÍSICA II;TIQ.S2.RETIDOS.2020.1/TIE.S2.RETIDOS.2020.1;OFERTA CONJUNTA;MANHA;4;ADRIANO BRITO;<20;;1;1;
T11;FÍSICA II;TIQ.S2.RETIDOS.2020.1/TIE.S2.RETIDOS.2020.1;OFERTA CONJUNTA;MANHA;4;ADRIANO BRITO;<20;;1;3;
T11;FÍSICA II;TIQ.S2.RETIDOS.2020.1/TIE.S2.RETIDOS.2020.1;OFERTA CONJUNTA;MANHA;4;ADRIANO BRITO;<20;;2;1;
T11;FÍSICA II;TIQ.S2.RETIDOS.2020.1/TIE.S2.RETIDOS.2020.1;OFERTA CONJUNTA;MANHA;4;ADRIANO BRITO;<20;;2;3;
T12;QUÍMICA TECNOLÓGICA;EPC.S1.2020.1;EPC;MANHA;4;ALEXANDRE CARREIRA;>20;;1;1;
T12;QUÍMICA TECNOLÓGICA;EPC.S1.2020.1;EPC;MANHA;4;ALEXANDRE CARREIRA;>20;;1;2;
T12;QUÍMICA TECNOLÓGICA;EPC.S1.2020.1;EPC;MANHA;4;ALEXANDRE CARREIRA;>20;;2;1;
T12;QUÍMICA TECNOLÓGICA;EPC.S1.2020.1;EPC;MANHA;4;ALEXANDRE CARREIRA;>20;;2;2;
T13;QUÍMICA APLICADA;EC.S1.2020.1;EC;TARDE;4;ALEXANDRE CARREIRA;<20;;7;1;
T13;QUÍMICA APLICADA;EC.S1.2020.1;EC;TARDE;4;ALEXANDRE CARREIRA;<20;;7;3;
T13;QUÍMICA APLICADA;EC.S1.2020.1;EC;TARDE;4;ALEXANDRE CARREIRA;<20;;8;1;
T13;QUÍMICA APLICADA;EC.S1.2020.1;EC;TARDE;4;ALEXANDRE CARREIRA;<20;;8;3;
T14;QUÍMICA ANALÍTICA;TMA.S1.2020.1;TMA;NOITE;4;ALEXANDRE CARREIRA;<20;;9;1;
T14;QUÍMICA ANALÍTICA;TMA.S1.2020.1;TMA;NOITE;4;ALEXANDRE CARREIRA;<20;;10;1;
T14;QUÍMICA ANALÍTICA;TMA.S1.2020.1;TMA;NOITE;4;ALEXANDRE CARREIRA;<20;;11;2;
T14;QUÍMICA ANALÍTICA;TMA.S1.2020.1;TMA;NOITE;4;ALEXANDRE CARREIRA;<20;;12;2;
T15;QUÍMICA I ;TIE.S1.2020.1;TIE;TARDE;2;ALEXANDRE CARREIRA;>20;;5;2;
T15;QUÍMICA I ;TIE.S1.2020.1;TIE;TARDE;2;ALEXANDRE CARREIRA;>20;;6;2;
T16;QUÍMICA INORGÂNICA;TSQ.S2.2020.1;TSQ;NOITE;2;ALEXANDRE CARREIRA;>20;;9;2;
T16;QUÍMICA INORGÂNICA;TSQ.S2.2020.1;TSQ;NOITE;2;ALEXANDRE CARREIRA;>20;;10;2;
T17;LABORATÓRIO DE QUÍMICA INORGÂNICA;TSQ.S3.RETIDOS.2020.1;TSQ;NOITE;2;ALEXANDRE CARREIRA;<20;LAB. QUÍMICA GERAL E INORGÂNICA;9;3;
T17;LABORATÓRIO DE QUÍMICA INORGÂNICA;TSQ.S3.RETIDOS.2020.1;TSQ;NOITE;2;ALEXANDRE CARREIRA;<20;LAB. QUÍMICA GERAL E INORGÂNICA;10;3;
T18;QUÍMICA II ;TIE.S2.RETIDOS.2020.1;TIE;MANHA;2;ALEXANDRE CARREIRA;<20;;3;3;
T18;QUÍMICA II ;TIE.S2.RETIDOS.2020.1;TIE;MANHA;2;ALEXANDRE CARREIRA;<20;;4;3;
T19;QUÍMICA ORGÂNICA;EAS.S3.2019.2;EAS;TARDE;4;ALEXANDRE PRAXEDES;<20;;5;1;
T19;QUÍMICA ORGÂNICA;EAS.S3.2019.2;EAS;TARDE;4;ALEXANDRE PRAXEDES;<20;;6;1;
T19;QUÍMICA ORGÂNICA;EAS.S3.2019.2;EAS;TARDE;4;ALEXANDRE PRAXEDES;<20;;7;2;
T19;QUÍMICA ORGÂNICA;EAS.S3.2019.2;EAS;TARDE;4;ALEXANDRE PRAXEDES;<20;;8;2;
T20;QUÍMICA ORGÂNICA II;LIQ.S4.2019.2;LIQ;MANHA;4;ALEXANDRE PRAXEDES;<20;;1;1;
T20;QUÍMICA ORGÂNICA II;LIQ.S4.2019.2;LIQ;MANHA;4;ALEXANDRE PRAXEDES;<20;;1;2;
T20;QUÍMICA ORGÂNICA II;LIQ.S4.2019.2;LIQ;MANHA;4;ALEXANDRE PRAXEDES;<20;;2;1;
T20;QUÍMICA ORGÂNICA II;LIQ.S4.2019.2;LIQ;MANHA;4;ALEXANDRE PRAXEDES;<20;;2;2;
T21;QUÍMICA ORGÂNICA III;LIQ.S8.2019.2;LIQ;NOITE;4;ALEXANDRE PRAXEDES;<20;;11;2;
T21;QUÍMICA ORGÂNICA III;LIQ.S8.2019.2;LIQ;NOITE;4;ALEXANDRE PRAXEDES;<20;;11;3;
T21;QUÍMICA ORGÂNICA III;LIQ.S8.2019.2;LIQ;NOITE;4;ALEXANDRE PRAXEDES;<20;;12;2;
T21;QUÍMICA ORGÂNICA III;LIQ.S8.2019.2;LIQ;NOITE;4;ALEXANDRE PRAXEDES;<20;;12;3;
T22;ANÁLISE INSTRUMENTAL;LIQ.S10.2019.2;LIQ;TARDE;2;ALEXANDRE PRAXEDES;<20;;7;1;
T22;ANÁLISE INSTRUMENTAL;LIQ.S10.2019.2;LIQ;TARDE;2;ALEXANDRE PRAXEDES;<20;;8;1;
T23;CÁLCULO I;EPC.S1.2020.1;EPC;MANHA;4;ALUÍSIO SILVA;>20;;3;1;
T23;CÁLCULO I;EPC.S1.2020.1;EPC;MANHA;4;ALUÍSIO SILVA;>20;;3;2;
T23;CÁLCULO I;EPC.S1.2020.1;EPC;MANHA;4;ALUÍSIO SILVA;>20;;4;1;
T23;CÁLCULO I;EPC.S1.2020.1;EPC;MANHA;4;ALUÍSIO SILVA;>20;;4;2;
T24;MÉTODOS NUMÉRICOS PARA ENGENHARIA CIVIL;EC.S4.2019.2;EC;MANHA;2;ALUÍSIO SILVA;>20;;3;3;
T24;MÉTODOS NUMÉRICOS PARA ENGENHARIA CIVIL;EC.S4.2019.2;EC;MANHA;2;ALUÍSIO SILVA;>20;;4;3;
T25;CÁLCULO I;EAS.S1.2020.1;EAS;TARDE;4;ALUÍSIO SILVA;>20;;5;1;
T25;CÁLCULO I;EAS.S1.2020.1;EAS;TARDE;4;ALUÍSIO SILVA;>20;;6;1;
T25;CÁLCULO I;EAS.S1.2020.1;EAS;TARDE;4;ALUÍSIO SILVA;>20;;7;2;
T25;CÁLCULO I;EAS.S1.2020.1;EAS;TARDE;4;ALUÍSIO SILVA;>20;;8;2;
T26;CÁLCULO I;LIQ.S2.2020.1;LIQ;MANHA;4;ALUÍSIO SILVA;<20;;1;1;
T26;CÁLCULO I;LIQ.S2.2020.1;LIQ;MANHA;4;ALUÍSIO SILVA;<20;;1;2;
T26;CÁLCULO I;LIQ.S2.2020.1;LIQ;MANHA;4;ALUÍSIO SILVA;<20;;2;1;
T26;CÁLCULO I;LIQ.S2.2020.1;LIQ;MANHA;4;ALUÍSIO SILVA;<20;;2;2;
T27;MATEMÁTICA BÁSICA;TSE.S1.2019.2;TSE;NOITE;2;ALUÍSIO SILVA;<20;;9;1;
T27;MATEMÁTICA BÁSICA;TSE.S1.2019.2;TSE;NOITE;2;ALUÍSIO SILVA;<20;;10;1;
T28;ESTATÍSTICA APLICADA;TMA.S2.2020.1;TMA;NOITE;2;ALUÍSIO SILVA;<20;;11;1;
T28;ESTATÍSTICA APLICADA;TMA.S2.2020.1;TMA;NOITE;2;ALUÍSIO SILVA;<20;;12;1;
T29;INTRODUÇÃO A LIBRAS;EPC.S8.2019.2;EPC;TARDE;2;ALYSSON OLIVEIRA;<20;;7;2;
T29;INTRODUÇÃO A LIBRAS;EPC.S8.2019.2;EPC;TARDE;2;ALYSSON OLIVEIRA;<20;;8;2;
T30;FUNDAMENTOS DE EDUCAÇÃO PARA SURDOS;LIQ.S7.2019.2;LIQ;NOITE;2;ALYSSON OLIVEIRA;<20;;11;3;
T30;FUNDAMENTOS DE EDUCAÇÃO PARA SURDOS;LIQ.S7.2019.2;LIQ;NOITE;2;ALYSSON OLIVEIRA;<20;;12;3;
T31;INTRODUÇÃO À LIBRAS;LIQ.S10.2019.2;LIQ;TARDE;2;ALYSSON OLIVEIRA;<20;;5;3;
T31;INTRODUÇÃO À LIBRAS;LIQ.S10.2019.2;LIQ;TARDE;2;ALYSSON OLIVEIRA;<20;;6;3;
T32;LIBRAS;LG.S5.2019.2;LG;NOITE;2;ALYSSON OLIVEIRA;>20;;11;1;
T32;LIBRAS;LG.S5.2019.2;LG;NOITE;2;ALYSSON OLIVEIRA;>20;;12;1;
T33;ASPECTOS FITOGEOGRÁFICOS;EAS.S5.2019.2;EAS;TARDE;2;AMANDA MENEZES;<20;;5;4;
T33;ASPECTOS FITOGEOGRÁFICOS;EAS.S5.2019.2;EAS;TARDE;2;AMANDA MENEZES;<20;;6;4;
T34;RECUPERAÇÃO DE ÁREAS DEGRADADAS;EAS.S9.2019.2;EAS;MANHA;4;AMANDA MENEZES;<20;;1;3;
T34;RECUPERAÇÃO DE ÁREAS DEGRADADAS;EAS.S9.2019.2;EAS;MANHA;4;AMANDA MENEZES;<20;;1;5;
T34;RECUPERAÇÃO DE ÁREAS DEGRADADAS;EAS.S9.2019.2;EAS;MANHA;4;AMANDA MENEZES;<20;;2;3;
T34;RECUPERAÇÃO DE ÁREAS DEGRADADAS;EAS.S9.2019.2;EAS;MANHA;4;AMANDA MENEZES;<20;;2;5;
T35;ECOLOGIA;LG.S2.2019.2;LG;NOITE;2;AMANDA MENEZES;>20;;11;5;
T35;ECOLOGIA;LG.S2.2019.2;LG;NOITE;2;AMANDA MENEZES;>20;;12;5;
T36;FITOGEOGRAFIA;LG.S5.2019.2;LG;NOITE;2;AMANDA MENEZES;<20;;9;5;
T36;FITOGEOGRAFIA;LG.S5.2019.2;LG;NOITE;2;AMANDA MENEZES;<20;;10;5;
T37;BIOLOGIA GERAL;TMA.S1.2020.1;TMA;NOITE;2;AMANDA MENEZES;>20;;9;4;
T37;BIOLOGIA GERAL;TMA.S1.2020.1;TMA;NOITE;2;AMANDA MENEZES;>20;;10;4;
T38;ECOLOGIA E POLUIÇÃO;TMA.S2.2020.1;TMA;NOITE;4;AMANDA MENEZES;>20;;9;3;
T38;ECOLOGIA E POLUIÇÃO;TMA.S2.2020.1;TMA;NOITE;4;AMANDA MENEZES;>20;;10;3;
T38;ECOLOGIA E POLUIÇÃO;TMA.S2.2020.1;TMA;NOITE;4;AMANDA MENEZES;>20;;11;4;
T38;ECOLOGIA E POLUIÇÃO;TMA.S2.2020.1;TMA;NOITE;4;AMANDA MENEZES;>20;;12;4;
T39;FÍSICA III;EPC.S4.2019.2;EPC;TARDE;4;APARECIDA TAVARES;<20;;5;3;
T39;FÍSICA III;EPC.S4.2019.2;EPC;TARDE;4;APARECIDA TAVARES;<20;;6;3;
T39;FÍSICA III;EPC.S4.2019.2;EPC;TARDE;4;APARECIDA TAVARES;<20;;7;4;
T39;FÍSICA III;EPC.S4.2019.2;EPC;TARDE;4;APARECIDA TAVARES;<20;;8;4;
T40;FÍSICA II;EC.S3.2020.1;EC;MANHA;4;APARECIDA TAVARES;>20;;1;5;
T40;FÍSICA II;EC.S3.2020.1;EC;MANHA;4;APARECIDA TAVARES;>20;;2;5;
T40;FÍSICA II;EC.S3.2020.1;EC;MANHA;4;APARECIDA TAVARES;>20;;3;4;
T40;FÍSICA II;EC.S3.2020.1;EC;MANHA;4;APARECIDA TAVARES;>20;;4;4;
T41;FÍSICA II;EAS.S3.2019.2;EAS;TARDE;4;APARECIDA TAVARES;>20;;5;5;
T41;FÍSICA II;EAS.S3.2019.2;EAS;TARDE;4;APARECIDA TAVARES;>20;;6;5;
T41;FÍSICA II;EAS.S3.2019.2;EAS;TARDE;4;APARECIDA TAVARES;>20;;7;3;
T41;FÍSICA II;EAS.S3.2019.2;EAS;TARDE;4;APARECIDA TAVARES;>20;;8;3;
T42;FÍSICA GERAL II;LIQ.S4.2019.2;LIQ;MANHA;4;APARECIDA TAVARES;<20;;1;4;
T42;FÍSICA GERAL II;LIQ.S4.2019.2;LIQ;MANHA;4;APARECIDA TAVARES;<20;;2;4;
T42;FÍSICA GERAL II;LIQ.S4.2019.2;LIQ;MANHA;4;APARECIDA TAVARES;<20;;3;5;
T42;FÍSICA GERAL II;LIQ.S4.2019.2;LIQ;MANHA;4;APARECIDA TAVARES;<20;;4;5;
T43;FÍSICA I ;TIE.S1.2020.1;TIE;TARDE;4;APARECIDA TAVARES;>20;;5;4;
T43;FÍSICA I ;TIE.S1.2020.1;TIE;TARDE;4;APARECIDA TAVARES;>20;;6;4;
T43;FÍSICA I ;TIE.S1.2020.1;TIE;TARDE;4;APARECIDA TAVARES;>20;;7;5;
T43;FÍSICA I ;TIE.S1.2020.1;TIE;TARDE;4;APARECIDA TAVARES;>20;;8;5;
T44;MECÂNICA I;EPC.S3.2019.2/EC.S3.2019.2;OFERTA CONJUNTA;MANHA;4;ARTHUR TONÉ;>20;;1;3;
T44;MECÂNICA I;EPC.S3.2019.2/EC.S3.2019.2;OFERTA CONJUNTA;MANHA;4;ARTHUR TONÉ;>20;;2;3;
T44;MECÂNICA I;EPC.S3.2019.2/EC.S3.2019.2;OFERTA CONJUNTA;MANHA;4;ARTHUR TONÉ;>20;;3;2;
T44;MECÂNICA I;EPC.S3.2019.2/EC.S3.2019.2;OFERTA CONJUNTA;MANHA;4;ARTHUR TONÉ;>20;;4;2;
T45;ELABORAÇÃO DO TRAB. C. CURSO;EPC.S10.2019.2;EPC;MANHA;2;ARTHUR TONÉ;<20;;1;4;
T45;ELABORAÇÃO DO TRAB. C. CURSO;EPC.S10.2019.2;EPC;MANHA;2;ARTHUR TONÉ;<20;;2;4;
T46;HIDRÁULICA;EAS.S6.2019.2;EAS;MANHA;2;ARTHUR TONÉ;<20;LAB. HIDRÁULICA;3;4;
T46;HIDRÁULICA;EAS.S6.2019.2;EAS;MANHA;2;ARTHUR TONÉ;<20;LAB. HIDRÁULICA;4;4;
T47;SISTEMA DE ABASTECIMENTO DE ÁGUA;EAS.S10.2019.2;EAS;MANHA;4;ARTHUR TONÉ;<20;LAB. CAD;1;2;
T47;SISTEMA DE ABASTECIMENTO DE ÁGUA;EAS.S10.2019.2;EAS;MANHA;4;ARTHUR TONÉ;<20;LAB. CAD;2;2;
T47;SISTEMA DE ABASTECIMENTO DE ÁGUA;EAS.S10.2019.2;EAS;MANHA;4;ARTHUR TONÉ;<20;LAB. CAD;3;3;
T47;SISTEMA DE ABASTECIMENTO DE ÁGUA;EAS.S10.2019.2;EAS;MANHA;4;ARTHUR TONÉ;<20;LAB. CAD;4;3;
T48;MECÂNICA I;EPC.S3.2020.1/EC.S3.2020.1;OFERTA CONJUNTA;TARDE;4;ARTHUR TONÉ;>20;;5;2;
T48;MECÂNICA I;EPC.S3.2020.1/EC.S3.2020.1;OFERTA CONJUNTA;TARDE;4;ARTHUR TONÉ;>20;;6;2;
T48;MECÂNICA I;EPC.S3.2020.1/EC.S3.2020.1;OFERTA CONJUNTA;TARDE;4;ARTHUR TONÉ;>20;;7;4;
T48;MECÂNICA I;EPC.S3.2020.1/EC.S3.2020.1;OFERTA CONJUNTA;TARDE;4;ARTHUR TONÉ;>20;;8;4;
T49;PROJETOS SOCIAIS;EPC.S9.2019.2;EPC;MANHA;2;ATERLANE MARTINS;<20;;1;2;
T49;PROJETOS SOCIAIS;EPC.S9.2019.2;EPC;MANHA;2;ATERLANE MARTINS;<20;;2;2;
T50;MEIO AMBIENTE HISTÓRIA E SOCIEDADE;EAS.S1.2020.1;EAS;TARDE;2;ATERLANE MARTINS;>20;;5;2;
T50;MEIO AMBIENTE HISTÓRIA E SOCIEDADE;EAS.S1.2020.1;EAS;TARDE;2;ATERLANE MARTINS;>20;;6;2;
T51;PROJETO SOCIOAMBIENTAL;EAS.S8.2019.2;EAS;MANHA;2;ATERLANE MARTINS;<20;;3;2;
T51;PROJETO SOCIOAMBIENTAL;EAS.S8.2019.2;EAS;MANHA;2;ATERLANE MARTINS;<20;;4;2;
T52;HIST. CULT. MEM. INDÍGENA E AFRO-BRAS.;LG.S5.2019.2;LG;NOITE;4;ATERLANE MARTINS;>20;;9;2;
T52;HIST. CULT. MEM. INDÍGENA E AFRO-BRAS.;LG.S5.2019.2;LG;NOITE;4;ATERLANE MARTINS;>20;;10;2;
T52;HIST. CULT. MEM. INDÍGENA E AFRO-BRAS.;LG.S5.2019.2;LG;NOITE;4;ATERLANE MARTINS;>20;;11;4;
T52;HIST. CULT. MEM. INDÍGENA E AFRO-BRAS.;LG.S5.2019.2;LG;NOITE;4;ATERLANE MARTINS;>20;;12;4;
T53;HISTÓRIA I;TIQ.S1.2020.1;TIQ;TARDE;1;ATERLANE MARTINS;>20;;8;2;
T54;HISTÓRIA III;TIQ.S3.2020.1;TIQ;MANHA;1;ATERLANE MARTINS;>20;;2;4;
T55;HISTÓRIA I ;TIE.S1.2020.1;TIE;TARDE;1;ATERLANE MARTINS;>20;;7;2;
T56;HISTÓRIA III ;TIE.S3.2020.1;TIE;TARDE;1;ATERLANE MARTINS;>20;;5;4;
T57;ESTATÍSTICA E PROB. PARA ENG.;EPC.S1.2020.1;EPC;MANHA;4;CÍCERA CARLA;>20;;1;4;
T57;ESTATÍSTICA E PROB. PARA ENG.;EPC.S1.2020.1;EPC;MANHA;4;CÍCERA CARLA;>20;;2;4;
T57;ESTATÍSTICA E PROB. PARA ENG.;EPC.S1.2020.1;EPC;MANHA;4;CÍCERA CARLA;>20;;3;5;
T57;ESTATÍSTICA E PROB. PARA ENG.;EPC.S1.2020.1;EPC;MANHA;4;CÍCERA CARLA;>20;;4;5;
T58;ESTATÍSTICA;EAS.S5.2019.2;EAS;TARDE;2;CÍCERA CARLA;<20;;7;5;
T58;ESTATÍSTICA;EAS.S5.2019.2;EAS;TARDE;2;CÍCERA CARLA;<20;;8;5;
T59;MATEMÁTICA I;TIQ.S1.RETIDOS.2020.1;TIQ;MANHA;4;CÍCERA CARLA;>20;;1;3;
T59;MATEMÁTICA I;TIQ.S1.RETIDOS.2020.1;TIQ;MANHA;4;CÍCERA CARLA;>20;;1;5;
T59;MATEMÁTICA I;TIQ.S1.RETIDOS.2020.1;TIQ;MANHA;4;CÍCERA CARLA;>20;;2;3;
T59;MATEMÁTICA I;TIQ.S1.RETIDOS.2020.1;TIQ;MANHA;4;CÍCERA CARLA;>20;;2;5;
T60;MATEMÁTICA I ;TIE.S1.2020.1;TIE;TARDE;4;CÍCERA CARLA;>20;;5;5;
T60;MATEMÁTICA I ;TIE.S1.2020.1;TIE;TARDE;4;CÍCERA CARLA;>20;;6;5;
T60;MATEMÁTICA I ;TIE.S1.2020.1;TIE;TARDE;4;CÍCERA CARLA;>20;;7;3;
T60;MATEMÁTICA I ;TIE.S1.2020.1;TIE;TARDE;4;CÍCERA CARLA;>20;;8;3;
T61;MATEMÁTICA V ;TIE.S5.2020.1/TIQ.S5.2020.1;OFERTA CONJUNTA;TARDE;2;CÍCERA CARLA;<20;;5;4;
T61;MATEMÁTICA V ;TIE.S5.2020.1/TIQ.S5.2020.1;OFERTA CONJUNTA;TARDE;2;CÍCERA CARLA;<20;;6;4;
T62;QUÍMICA GERAL I;EAS.S1.2020.1;EAS;TARDE;4;CÍCERO MOURA;>20;LAB. QUÍMICA GERAL E INORGÂNICA;5;4;
T62;QUÍMICA GERAL I;EAS.S1.2020.1;EAS;TARDE;4;CÍCERO MOURA;>20;LAB. QUÍMICA GERAL E INORGÂNICA;5;5;
T62;QUÍMICA GERAL I;EAS.S1.2020.1;EAS;TARDE;4;CÍCERO MOURA;>20;LAB. QUÍMICA GERAL E INORGÂNICA;6;4;
T62;QUÍMICA GERAL I;EAS.S1.2020.1;EAS;TARDE;4;CÍCERO MOURA;>20;LAB. QUÍMICA GERAL E INORGÂNICA;6;5;
T63;QUÍMICA GERAL I;LIQ.S1.2020.1;LIQ;NOITE;4;CÍCERO MOURA;>20;;9;5;
T63;QUÍMICA GERAL I;LIQ.S1.2020.1;LIQ;NOITE;4;CÍCERO MOURA;>20;;10;5;
T63;QUÍMICA GERAL I;LIQ.S1.2020.1;LIQ;NOITE;4;CÍCERO MOURA;>20;;11;4;
T63;QUÍMICA GERAL I;LIQ.S1.2020.1;LIQ;NOITE;4;CÍCERO MOURA;>20;;12;4;
T64;LABORATÓRIO DE QUÍMICA GERAL;LIQ.S2.2020.1;LIQ;MANHA;2;CÍCERO MOURA;<20;LAB. QUÍMICA GERAL E INORGÂNICA;3;5;
T64;LABORATÓRIO DE QUÍMICA GERAL;LIQ.S2.2020.1;LIQ;MANHA;2;CÍCERO MOURA;<20;LAB. QUÍMICA GERAL E INORGÂNICA;4;5;
T65;INTRODUCAO À ENG. DE PROD. CIVIL;EPC.S1.2020.1;EPC;MANHA;2;CAIO MARQUES;>20;;1;3;
T65;INTRODUCAO À ENG. DE PROD. CIVIL;EPC.S1.2020.1;EPC;MANHA;2;CAIO MARQUES;>20;;2;3;
T66;PESQUISA OPERACIONAL I;EPC.S7.2019.2;EPC;MANHA;4;CAIO MARQUES;<20;;1;4;
T66;PESQUISA OPERACIONAL I;EPC.S7.2019.2;EPC;MANHA;4;CAIO MARQUES;<20;;2;4;
T66;PESQUISA OPERACIONAL I;EPC.S7.2019.2;EPC;MANHA;4;CAIO MARQUES;<20;;3;5;
T66;PESQUISA OPERACIONAL I;EPC.S7.2019.2;EPC;MANHA;4;CAIO MARQUES;<20;;4;5;
T67;PLAN. E GER. DE PROJ. AUX. POR COMPUTADOR;EPC.S7.2019.2;EPC;MANHA;4;CAIO MARQUES;<20;;3;3;
T67;PLAN. E GER. DE PROJ. AUX. POR COMPUTADOR;EPC.S7.2019.2;EPC;MANHA;4;CAIO MARQUES;<20;;3;4;
T67;PLAN. E GER. DE PROJ. AUX. POR COMPUTADOR;EPC.S7.2019.2;EPC;MANHA;4;CAIO MARQUES;<20;;4;3;
T67;PLAN. E GER. DE PROJ. AUX. POR COMPUTADOR;EPC.S7.2019.2;EPC;MANHA;4;CAIO MARQUES;<20;;4;4;
T68;PESQUISA OPERACIONAL II;EPC.S9.2019.2;EPC;MANHA;2;CAIO MARQUES;<20;LAB. GEOPROCESSAMENTO;1;5;
T68;PESQUISA OPERACIONAL II;EPC.S9.2019.2;EPC;MANHA;2;CAIO MARQUES;<20;LAB. GEOPROCESSAMENTO;2;5;
T69;COMUNICAÇÃO E LINGUAGEM;LIQ.S1.2020.1;LIQ;NOITE;2;CAIO MONTENEGRO;>20;;11;2;
T69;COMUNICAÇÃO E LINGUAGEM;LIQ.S1.2020.1;LIQ;NOITE;2;CAIO MONTENEGRO;>20;;12;2;
T70;ESTÁGIO I;LIQ.S5.2019.2;LIQ;MANHA;2;CAIO MONTENEGRO;<20;;3;3;
T70;ESTÁGIO I;LIQ.S5.2019.2;LIQ;MANHA;2;CAIO MONTENEGRO;<20;;4;3;
T71;COMUNICAÇÃO E EXPRESSÃO;TMA.S1.2020.1;TMA;NOITE;2;CAIO MONTENEGRO;>20;;11;1;
T71;COMUNICAÇÃO E EXPRESSÃO;TMA.S1.2020.1;TMA;NOITE;2;CAIO MONTENEGRO;>20;;12;1;
T72;LÍNGUA PORTUGUESA V;TIQ.S5.2020.1;TIQ;TARDE;2;CAIO MONTENEGRO;>20;;7;2;
T72;LÍNGUA PORTUGUESA V;TIQ.S5.2020.1;TIQ;TARDE;2;CAIO MONTENEGRO;>20;;8;2;
T73;PORTUGUÊS I ;TIE.S1.2020.1;TIE;TARDE;4;CAIO MONTENEGRO;>20;;5;1;
T73;PORTUGUÊS I ;TIE.S1.2020.1;TIE;TARDE;4;CAIO MONTENEGRO;>20;;5;3;
T73;PORTUGUÊS I ;TIE.S1.2020.1;TIE;TARDE;4;CAIO MONTENEGRO;>20;;6;1;
T73;PORTUGUÊS I ;TIE.S1.2020.1;TIE;TARDE;4;CAIO MONTENEGRO;>20;;6;3;
T74;PORTUGUÊS V ;TIE.S5.2020.1;TIE;MANHA;2;CAIO MONTENEGRO;>20;;1;2;
T74;PORTUGUÊS V ;TIE.S5.2020.1;TIE;MANHA;2;CAIO MONTENEGRO;>20;;2;2;
T75;OFICINA DE GEOGRAFIA I;LG.S2.2019.2;LG;NOITE;4;CAMILLA SAMPAIO;>20;LAB. GEOGRAFIA;9;5;
T75;OFICINA DE GEOGRAFIA I;LG.S2.2019.2;LG;NOITE;4;CAMILLA SAMPAIO;>20;LAB. GEOGRAFIA;10;5;
T75;OFICINA DE GEOGRAFIA I;LG.S2.2019.2;LG;NOITE;4;CAMILLA SAMPAIO;>20;LAB. GEOGRAFIA;11;2;
T75;OFICINA DE GEOGRAFIA I;LG.S2.2019.2;LG;NOITE;4;CAMILLA SAMPAIO;>20;LAB. GEOGRAFIA;12;2;
T76;OFICINA DE GEOGRAFIA III;LG.S4.2019.2;LG;NOITE;4;CAMILLA SAMPAIO;>20;;9;4;
T76;OFICINA DE GEOGRAFIA III;LG.S4.2019.2;LG;NOITE;4;CAMILLA SAMPAIO;>20;;10;4;
T76;OFICINA DE GEOGRAFIA III;LG.S4.2019.2;LG;NOITE;4;CAMILLA SAMPAIO;>20;;11;5;
T76;OFICINA DE GEOGRAFIA III;LG.S4.2019.2;LG;NOITE;4;CAMILLA SAMPAIO;>20;;12;5;
T77;OFICINA DE GEOGRAFIA IV;LG.S7.2019.2;LG;NOITE;4;CAMILLA SAMPAIO;<20;;9;2;
T77;OFICINA DE GEOGRAFIA IV;LG.S7.2019.2;LG;NOITE;4;CAMILLA SAMPAIO;<20;;9;3;
T77;OFICINA DE GEOGRAFIA IV;LG.S7.2019.2;LG;NOITE;4;CAMILLA SAMPAIO;<20;;10;2;
T77;OFICINA DE GEOGRAFIA IV;LG.S7.2019.2;LG;NOITE;4;CAMILLA SAMPAIO;<20;;10;3;
T78;ESTÁGIO II;LG.S8.2019.2;LG;NOITE;2;CAMILLA SAMPAIO;>20;;11;3;
T78;ESTÁGIO II;LG.S8.2019.2;LG;NOITE;2;CAMILLA SAMPAIO;>20;;12;3;
T79;GESTÃO DE PESSOAS;EPC.S9.2019.2;EPC;MANHA;2;CARLA BRILHANTE;<20;;3;1;
T79;GESTÃO DE PESSOAS;EPC.S9.2019.2;EPC;MANHA;2;CARLA BRILHANTE;<20;;4;1;
T80;PLANEJAMENTO E GESTÃO DE PROJETOS;EAS.S7.2019.2;EAS;TARDE;4;CARLA BRILHANTE;>20;;5;2;
T80;PLANEJAMENTO E GESTÃO DE PROJETOS;EAS.S7.2019.2;EAS;TARDE;4;CARLA BRILHANTE;>20;;6;2;
T80;PLANEJAMENTO E GESTÃO DE PROJETOS;EAS.S7.2019.2;EAS;TARDE;4;CARLA BRILHANTE;>20;;7;1;
T80;PLANEJAMENTO E GESTÃO DE PROJETOS;EAS.S7.2019.2;EAS;TARDE;4;CARLA BRILHANTE;>20;;8;1;
T81;AUDITORIA AMBIENTAL;EAS.S9.2019.2;EAS;MANHA;4;CARLA BRILHANTE;<20;;1;1;
T81;AUDITORIA AMBIENTAL;EAS.S9.2019.2;EAS;MANHA;4;CARLA BRILHANTE;<20;;1;2;
T81;AUDITORIA AMBIENTAL;EAS.S9.2019.2;EAS;MANHA;4;CARLA BRILHANTE;<20;;2;1;
T81;AUDITORIA AMBIENTAL;EAS.S9.2019.2;EAS;MANHA;4;CARLA BRILHANTE;<20;;2;2;
T82;CERTIFICAÇÃO E AUDITORIA AMBIENTAL;TMA.S4.2020.1;TMA;NOITE;2;CARLA BRILHANTE;<20;;9;1;
T82;CERTIFICAÇÃO E AUDITORIA AMBIENTAL;TMA.S4.2020.1;TMA;NOITE;2;CARLA BRILHANTE;<20;;10;1;
T83;OPERAÇÕES UNITÁRIAS;EAS.S6.2019.2;EAS;MANHA;4;CAROLINA VELOSO;<20;;1;2;
T83;OPERAÇÕES UNITÁRIAS;EAS.S6.2019.2;EAS;MANHA;4;CAROLINA VELOSO;<20;;2;2;
T83;OPERAÇÕES UNITÁRIAS;EAS.S6.2019.2;EAS;MANHA;4;CAROLINA VELOSO;<20;;3;3;
T83;OPERAÇÕES UNITÁRIAS;EAS.S6.2019.2;EAS;MANHA;4;CAROLINA VELOSO;<20;;4;3;
T84;OPERAÇÕES UNITÁRIAS I;TIQ.S7.2019.2;TIQ;MANHA;2;CAROLINA VELOSO;<20;;3;1;
T84;OPERAÇÕES UNITÁRIAS I;TIQ.S7.2019.2;TIQ;MANHA;2;CAROLINA VELOSO;<20;;4;1;
T85;INSTRUMENTAÇÃO E CONTROLE;TIQ.S7.2019.2;TIQ;MANHA;2;CAROLINA VELOSO;<20;;3;2;
T85;INSTRUMENTAÇÃO E CONTROLE;TIQ.S7.2019.2;TIQ;MANHA;2;CAROLINA VELOSO;<20;;4;2;
T86;CONTROLE DE PROCESSOS;TSQ.S2.2020.1;TSQ;NOITE;2;CAROLINA VELOSO;>20;;11;1;
T86;CONTROLE DE PROCESSOS;TSQ.S2.2020.1;TSQ;NOITE;2;CAROLINA VELOSO;>20;;12;1;
T87;PROCESSOS ELETR. E CORROSÃO;TSQ.S4.2020.1;TSQ;NOITE;2;CAROLINA VELOSO;<20;;9;2;
T87;PROCESSOS ELETR. E CORROSÃO;TSQ.S4.2020.1;TSQ;NOITE;2;CAROLINA VELOSO;<20;;10;2;
T88;MECÂNICA DOS FLUIDOS;EPC.S4.2019.2/EAS.S5.2019.2;OFERTA CONJUNTA;TARDE;4;CAROLINA VELOSO;<20;LAB. MEC. FLÚIDOS;5;1;
T88;MECÂNICA DOS FLUIDOS;EPC.S4.2019.2/EAS.S5.2019.2;OFERTA CONJUNTA;TARDE;4;CAROLINA VELOSO;<20;LAB. MEC. FLÚIDOS;5;2;
T88;MECÂNICA DOS FLUIDOS;EPC.S4.2019.2/EAS.S5.2019.2;OFERTA CONJUNTA;TARDE;4;CAROLINA VELOSO;<20;LAB. MEC. FLÚIDOS;6;1;
T88;MECÂNICA DOS FLUIDOS;EPC.S4.2019.2/EAS.S5.2019.2;OFERTA CONJUNTA;TARDE;4;CAROLINA VELOSO;<20;LAB. MEC. FLÚIDOS;6;2;
T89;CLIMATOLOGIA;LG.S2.2019.2;LG;NOITE;2;CAROLINE LOUREIRO;>20;;9;2;
T89;CLIMATOLOGIA;LG.S2.2019.2;LG;NOITE;2;CAROLINE LOUREIRO;>20;;10;2;
T90;CARTOGRAFIA II;LG.S2.2019.2;LG;NOITE;2;CAROLINE LOUREIRO;>20;LAB. GEOPROCESSAMENTO;9;1;
T90;CARTOGRAFIA II;LG.S2.2019.2;LG;NOITE;2;CAROLINE LOUREIRO;>20;LAB. GEOPROCESSAMENTO;10;1;
T91;BIOGEOGRAFIA;LG.S3.2019.2;LG;NOITE;2;CAROLINE LOUREIRO;>20;;11;1;
T91;BIOGEOGRAFIA;LG.S3.2019.2;LG;NOITE;2;CAROLINE LOUREIRO;>20;;12;1;
T92;HIDROGEOGRAFIA;LG.S5.2019.2;LG;NOITE;4;CAROLINE LOUREIRO;<20;;11;2;
T92;HIDROGEOGRAFIA;LG.S5.2019.2;LG;NOITE;4;CAROLINE LOUREIRO;<20;;11;3;
T92;HIDROGEOGRAFIA;LG.S5.2019.2;LG;NOITE;4;CAROLINE LOUREIRO;<20;;12;2;
T92;HIDROGEOGRAFIA;LG.S5.2019.2;LG;NOITE;4;CAROLINE LOUREIRO;<20;;12;3;
T93;GEOGRAFIA REGIONAL;LG.S8.2019.2;LG;NOITE;2;CAROLINE LOUREIRO;<20;;11;4;
T93;GEOGRAFIA REGIONAL;LG.S8.2019.2;LG;NOITE;2;CAROLINE LOUREIRO;<20;;12;4;
T94;GEOLOGIA AMBIENTAL;TMA.S2.2020.1;TMA;NOITE;2;CAROLINE LOUREIRO;>20;;9;4;
T94;GEOLOGIA AMBIENTAL;TMA.S2.2020.1;TMA;NOITE;2;CAROLINE LOUREIRO;>20;;10;4;
T95;TRATAMENTO DE EFLUENTES 1;EAS.S7.2019.2;EAS;TARDE;4;CHAGAS JÚNIOR;<20;LAREB;5;5;
T95;TRATAMENTO DE EFLUENTES 1;EAS.S7.2019.2;EAS;TARDE;4;CHAGAS JÚNIOR;<20;LAREB;6;5;
T95;TRATAMENTO DE EFLUENTES 1;EAS.S7.2019.2;EAS;TARDE;4;CHAGAS JÚNIOR;<20;LAREB;7;4;
T95;TRATAMENTO DE EFLUENTES 1;EAS.S7.2019.2;EAS;TARDE;4;CHAGAS JÚNIOR;<20;LAREB;8;4;
T96;TRATAMENTO DE EFLUENTES 2;EAS.S8.2019.2;EAS;MANHA;4;CHAGAS JÚNIOR;<20;LAB. CAD;1;4;
T96;TRATAMENTO DE EFLUENTES 2;EAS.S8.2019.2;EAS;MANHA;4;CHAGAS JÚNIOR;<20;LAB. CAD;1;5;
T96;TRATAMENTO DE EFLUENTES 2;EAS.S8.2019.2;EAS;MANHA;4;CHAGAS JÚNIOR;<20;LAB. CAD;2;4;
T96;TRATAMENTO DE EFLUENTES 2;EAS.S8.2019.2;EAS;MANHA;4;CHAGAS JÚNIOR;<20;LAB. CAD;2;5;
T97;REÚSO DE ÁGUAS;EAS.S9.2019.2;EAS;TARDE;2;CHAGAS JÚNIOR;<20;LAB. MICROBIOLOGIA;5;4;
T97;REÚSO DE ÁGUAS;EAS.S9.2019.2;EAS;TARDE;2;CHAGAS JÚNIOR;<20;LAB. MICROBIOLOGIA;6;4;
T98;CANTEIRO DE OBRAS ;TIE.S7.2019.2;TIE;TARDE;2;CHAGAS JÚNIOR;<20;;7;5;
T98;CANTEIRO DE OBRAS ;TIE.S7.2019.2;TIE;TARDE;2;CHAGAS JÚNIOR;<20;;8;5;
T99;MATEMÁTICA I;TIQ.S1.2020.1;TIQ;TARDE;4;CÍCERA CARLA;>20;;5;3;
T99;MATEMÁTICA I;TIQ.S1.2020.1;TIQ;TARDE;4;CÍCERA CARLA;>20;;6;3;
T99;MATEMÁTICA I;TIQ.S1.2020.1;TIQ;TARDE;4;CÍCERA CARLA;>20;;7;4;
T99;MATEMÁTICA I;TIQ.S1.2020.1;TIQ;TARDE;4;CÍCERA CARLA;>20;;8;4;
T100;BIOLOGIA GERAL;EAS.S1.2020.1;EAS;TARDE;2;CLEMILSON PAIVA;>20;;7;3;
T100;BIOLOGIA GERAL;EAS.S1.2020.1;EAS;TARDE;2;CLEMILSON PAIVA;>20;;8;3;
T101;ESTUDOS AMBIENTAIS;EAS.S6.2019.2;EAS;MANHA;4;CLEMILSON PAIVA;<20;;1;4;
T101;ESTUDOS AMBIENTAIS;EAS.S6.2019.2;EAS;MANHA;4;CLEMILSON PAIVA;<20;;2;4;
T101;ESTUDOS AMBIENTAIS;EAS.S6.2019.2;EAS;MANHA;4;CLEMILSON PAIVA;<20;;3;5;
T101;ESTUDOS AMBIENTAIS;EAS.S6.2019.2;EAS;MANHA;4;CLEMILSON PAIVA;<20;;4;5;
T102;BIOLOGIA CELULAR;LIQ.S1.2020.1;LIQ;NOITE;2;CLEMILSON PAIVA;>20;;11;5;
T102;BIOLOGIA CELULAR;LIQ.S1.2020.1;LIQ;NOITE;2;CLEMILSON PAIVA;>20;;12;5;
T103;BIOQUÍMICA;LIQ.S7.2019.2;LIQ;NOITE;4;CLEMILSON PAIVA;<20;;9;5;
T103;BIOQUÍMICA;LIQ.S7.2019.2;LIQ;NOITE;4;CLEMILSON PAIVA;<20;;10;5;
T103;BIOQUÍMICA;LIQ.S7.2019.2;LIQ;NOITE;4;CLEMILSON PAIVA;<20;;11;4;
T103;BIOQUÍMICA;LIQ.S7.2019.2;LIQ;NOITE;4;CLEMILSON PAIVA;<20;;12;4;
T104;BIOLOGIA II;TIQ.S5.2020.1;TIQ;TARDE;2;CLEMILSON PAIVA;>20;;5;5;
T104;BIOLOGIA II;TIQ.S5.2020.1;TIQ;TARDE;2;CLEMILSON PAIVA;>20;;6;5;
T105;BIOLOGIA I ;TIE.S3.2020.1;TIE;TARDE;2;CLEMILSON PAIVA;<20;;7;4;
T105;BIOLOGIA I ;TIE.S3.2020.1;TIE;TARDE;2;CLEMILSON PAIVA;<20;;8;4;
T106;EDUCAÇÃO FÍSICA I;TIQ.S1.2020.1;TIQ;MANHA;2;CRISTIANO SOUSA;>20;;1;3;
T106;EDUCAÇÃO FÍSICA I;TIQ.S1.2020.1;TIQ;MANHA;2;CRISTIANO SOUSA;>20;;2;3;
T107;EDUCAÇÃO FÍSICA III;TIQ.S3.2020.1;TIQ;MANHA;2;CRISTIANO SOUSA;>20;;1;2;
T107;EDUCAÇÃO FÍSICA III;TIQ.S3.2020.1;TIQ;MANHA;2;CRISTIANO SOUSA;>20;;2;2;
T108;EDUCAÇÃO FÍSICA V;TIQ.S5.2020.1;TIQ;TARDE;2;CRISTIANO SOUSA;>20;;5;1;
T108;EDUCAÇÃO FÍSICA V;TIQ.S5.2020.1;TIQ;TARDE;2;CRISTIANO SOUSA;>20;;6;1;
T109;EDUCAÇÃO FÍSICA I ;TIE.S1.2020.1;TIE;TARDE;2;CRISTIANO SOUSA;>20;;7;1;
T109;EDUCAÇÃO FÍSICA I ;TIE.S1.2020.1;TIE;TARDE;2;CRISTIANO SOUSA;>20;;8;1;
T110;EDUCAÇÃO FÍSICA III ;TIE.S3.2020.1;TIE;TARDE;2;CRISTIANO SOUSA;>20;;5;2;
T110;EDUCAÇÃO FÍSICA III ;TIE.S3.2020.1;TIE;TARDE;2;CRISTIANO SOUSA;>20;;6;2;
T111;EDUCAÇÃO FÍSICA V ;TIE.S5.2020.1;TIE;MANHA;2;CRISTIANO SOUSA;>20;;3;1;
T111;EDUCAÇÃO FÍSICA V ;TIE.S5.2020.1;TIE;MANHA;2;CRISTIANO SOUSA;>20;;4;1;
T112;HIDROLOGIA;EPC.S7.2019.2;EPC;MANHA;2;DÉBORA GARCIA;<20;LAB. GEOPROCESSAMENTO;1;2;
T112;HIDROLOGIA;EPC.S7.2019.2;EPC;MANHA;2;DÉBORA GARCIA;<20;LAB. GEOPROCESSAMENTO;2;2;
T113;HUMANIDADES;EPC.S8.2019.2;EPC;TARDE;2;DÉBORA GARCIA;>20;;7;4;
T113;HUMANIDADES;EPC.S8.2019.2;EPC;TARDE;2;DÉBORA GARCIA;>20;;8;4;
T114;PROJETOS SOCIAIS;LIQ.S8.2019.2;LIQ;NOITE;4;DÉBORA GARCIA;<20;;9;3;
T114;PROJETOS SOCIAIS;LIQ.S8.2019.2;LIQ;NOITE;4;DÉBORA GARCIA;<20;;10;3;
T114;PROJETOS SOCIAIS;LIQ.S8.2019.2;LIQ;NOITE;4;DÉBORA GARCIA;<20;;11;4;
T114;PROJETOS SOCIAIS;LIQ.S8.2019.2;LIQ;NOITE;4;DÉBORA GARCIA;<20;;12;4;
T115;PROJETO SOCIAL;LG.S6.2019.2;LG;NOITE;2;DÉBORA GARCIA;<20;;11;3;
T115;PROJETO SOCIAL;LG.S6.2019.2;LG;NOITE;2;DÉBORA GARCIA;<20;;12;3;
T116;EDUCAÇÃO INCLUSIVA;LG.S7.2019.2;LG;NOITE;2;DÉBORA GARCIA;>20;;9;4;
T116;EDUCAÇÃO INCLUSIVA;LG.S7.2019.2;LG;NOITE;2;DÉBORA GARCIA;>20;;10;4;
T117;GEOGRAFIA DO TURISMO;LG.S8.2019.2;LG;NOITE;2;DÉBORA GARCIA;>20;;11;2;
T117;GEOGRAFIA DO TURISMO;LG.S8.2019.2;LG;NOITE;2;DÉBORA GARCIA;>20;;12;2;
T118;ÉTICA E EDUCAÇÃO AMBIENTAL;TMA.S1.2020.1;TMA;NOITE;2;DÉBORA GARCIA;>20;;9;2;
T118;ÉTICA E EDUCAÇÃO AMBIENTAL;TMA.S1.2020.1;TMA;NOITE;2;DÉBORA GARCIA;>20;;10;2;
T119;INTRODUÇÃO À ECONOMIA;EPC.S1.2020.1;EPC;MANHA;2;DANIEL FARIAS;>20;;3;4;
T119;INTRODUÇÃO À ECONOMIA;EPC.S1.2020.1;EPC;MANHA;2;DANIEL FARIAS;>20;;4;4;
T120;ADM. DA PRODUÇÃO E OPERAÇÕES I;EPC.S4.2019.2;EPC;TARDE;4;DANIEL FARIAS;<20;;5;4;
T120;ADM. DA PRODUÇÃO E OPERAÇÕES I;EPC.S4.2019.2;EPC;TARDE;4;DANIEL FARIAS;<20;;5;5;
T120;ADM. DA PRODUÇÃO E OPERAÇÕES I;EPC.S4.2019.2;EPC;TARDE;4;DANIEL FARIAS;<20;;6;4;
T120;ADM. DA PRODUÇÃO E OPERAÇÕES I;EPC.S4.2019.2;EPC;TARDE;4;DANIEL FARIAS;<20;;6;5;
T121;ADMINISTRAÇÃO ESTRATÉGICA;EPC.S10.2019.2;EPC;MANHA;2;DANIEL FARIAS;<20;;1;5;
T121;ADMINISTRAÇÃO ESTRATÉGICA;EPC.S10.2019.2;EPC;MANHA;2;DANIEL FARIAS;<20;;2;5;
T122;ADMIN.E. EMPREENDEDORISMO NA ENG. CIVIL.;EC.S1.2020.1;EC;TARDE;2;DANIEL FARIAS;>20;;7;5;
T122;ADMIN.E. EMPREENDEDORISMO NA ENG. CIVIL.;EC.S1.2020.1;EC;TARDE;2;DANIEL FARIAS;>20;;8;5;
T123;EMPREENDEDORISMO;TSE.S4.2020.1;TSE;NOITE;2;DANIEL FARIAS;<20;;11;5;
T123;EMPREENDEDORISMO;TSE.S4.2020.1;TSE;NOITE;2;DANIEL FARIAS;<20;;12;5;
T124;LOGÍSTICA INDUSTRIAL;TIQ.S7.2019.2;TIQ;MANHA;2;DANIEL FARIAS;<20;;1;4;
T124;LOGÍSTICA INDUSTRIAL;TIQ.S7.2019.2;TIQ;MANHA;2;DANIEL FARIAS;<20;;2;4;
T125;GERENCIAMENTO DA PRODUÇÃO;TIE.S5.2020.1;TIE;MANHA;4;DANIEL FARIAS;>20;LAB. ENG. PRODUTO;1;3;
T125;GERENCIAMENTO DA PRODUÇÃO;TIE.S5.2020.1;TIE;MANHA;4;DANIEL FARIAS;>20;LAB. ENG. PRODUTO;2;3;
T125;GERENCIAMENTO DA PRODUÇÃO;TIE.S5.2020.1;TIE;MANHA;4;DANIEL FARIAS;>20;LAB. ENG. PRODUTO;3;5;
T125;GERENCIAMENTO DA PRODUÇÃO;TIE.S5.2020.1;TIE;MANHA;4;DANIEL FARIAS;>20;LAB. ENG. PRODUTO;4;5;
T126;SANEAMENTO;EPC.S10.2019.2;EPC;MANHA;4;DANIELE ISMAEL;<20;;1;3;
T126;SANEAMENTO;EPC.S10.2019.2;EPC;MANHA;4;DANIELE ISMAEL;<20;;2;3;
T126;SANEAMENTO;EPC.S10.2019.2;EPC;MANHA;4;DANIELE ISMAEL;<20;;3;4;
T126;SANEAMENTO;EPC.S10.2019.2;EPC;MANHA;4;DANIELE ISMAEL;<20;;4;4;
T127;POLUIÇÃO AMBIENTAL;EAS.S5.2019.2;EAS;TARDE;2;DANIELE ISMAEL;>20;LAB. MICROBIOLOGIA;7;4;
T127;POLUIÇÃO AMBIENTAL;EAS.S5.2019.2;EAS;TARDE;2;DANIELE ISMAEL;>20;LAB. MICROBIOLOGIA;8;4;
T128;TRATAMENTOS DE ÁGUA PARA ABASTECIMENTO;EAS.S7.2019.2;EAS;TARDE;4;DANIELE ISMAEL;<20;LAREB;7;2;
T128;TRATAMENTOS DE ÁGUA PARA ABASTECIMENTO;EAS.S7.2019.2;EAS;TARDE;4;DANIELE ISMAEL;<20;LAREB;7;3;
T128;TRATAMENTOS DE ÁGUA PARA ABASTECIMENTO;EAS.S7.2019.2;EAS;TARDE;4;DANIELE ISMAEL;<20;LAREB;8;2;
T128;TRATAMENTOS DE ÁGUA PARA ABASTECIMENTO;EAS.S7.2019.2;EAS;TARDE;4;DANIELE ISMAEL;<20;LAREB;8;3;
T129;ELEMENTOS DO MEIO AMBIENTE;TSE.S2.2020.1;TSE;NOITE;2;DANIELE ISMAEL;<20;;11;2;
T129;ELEMENTOS DO MEIO AMBIENTE;TSE.S2.2020.1;TSE;NOITE;2;DANIELE ISMAEL;<20;;12;2;
T130;RECUPERAÇÃO DE ÁREAS DEGRADADAS;TMA.S4.2020.1;TMA;NOITE;4;DANIELE ISMAEL;>20;;9;2;
T130;RECUPERAÇÃO DE ÁREAS DEGRADADAS;TMA.S4.2020.1;TMA;NOITE;4;DANIELE ISMAEL;>20;;9;4;
T130;RECUPERAÇÃO DE ÁREAS DEGRADADAS;TMA.S4.2020.1;TMA;NOITE;4;DANIELE ISMAEL;>20;;10;2;
T130;RECUPERAÇÃO DE ÁREAS DEGRADADAS;TMA.S4.2020.1;TMA;NOITE;4;DANIELE ISMAEL;>20;;10;4;
T131;QUÍMICA AMBIENTAL;EAS.S5.2019.2;EAS;TARDE;4;DANIELLE QUEIROZ;<20;LAB. QUÍMICA ANALÍTICA;5;3;
T131;QUÍMICA AMBIENTAL;EAS.S5.2019.2;EAS;TARDE;4;DANIELLE QUEIROZ;<20;LAB. QUÍMICA ANALÍTICA;6;3;
T131;QUÍMICA AMBIENTAL;EAS.S5.2019.2;EAS;TARDE;4;DANIELLE QUEIROZ;<20;LAB. QUÍMICA ANALÍTICA;7;1;
T131;QUÍMICA AMBIENTAL;EAS.S5.2019.2;EAS;TARDE;4;DANIELLE QUEIROZ;<20;LAB. QUÍMICA ANALÍTICA;8;1;
T132;DIDÁTICA DO ENSINO DE QUÍMICA;LIQ.S5.2019.2;LIQ;MANHA;2;DANIELLE QUEIROZ;<20;;3;1;
T132;DIDÁTICA DO ENSINO DE QUÍMICA;LIQ.S5.2019.2;LIQ;MANHA;2;DANIELLE QUEIROZ;<20;;4;1;
T133;ESTÁGIO II;LIQ.S7.2019.2;LIQ;NOITE;2;DANIELLE QUEIROZ;<20;;9;1;
T133;ESTÁGIO II;LIQ.S7.2019.2;LIQ;NOITE;2;DANIELLE QUEIROZ;<20;;10;1;
T134;QUÍMICA AMBIENTAL;LIQ.S7.2019.2;LIQ;NOITE;2;DANIELLE QUEIROZ;<20;LAB. QUÍMICA ANALÍTICA;11;2;
T134;QUÍMICA AMBIENTAL;LIQ.S7.2019.2;LIQ;NOITE;2;DANIELLE QUEIROZ;<20;LAB. QUÍMICA ANALÍTICA;12;2;
T135;ESTÁGIO III;LIQ.S8.2019.2;LIQ;NOITE;2;DANIELLE QUEIROZ;<20;;11;1;
T135;ESTÁGIO III;LIQ.S8.2019.2;LIQ;NOITE;2;DANIELLE QUEIROZ;<20;;12;1;
T136;LABORATÓRIO DE QUÍMICA ORGÂNICA;TSQ.S3.RETIDOS.2020.1;TSQ;NOITE;2;DANIELLE QUEIROZ;<20;LAB. QUÍMICA ANALÍTICA;9;2;
T136;LABORATÓRIO DE QUÍMICA ORGÂNICA;TSQ.S3.RETIDOS.2020.1;TSQ;NOITE;2;DANIELLE QUEIROZ;<20;LAB. QUÍMICA ANALÍTICA;10;2;
T137;GEOGRAFIA DA POPULAÇÃO;LG.S2.2019.2;LG;NOITE;4;DANIELLE RODRIGUES;>20;;9;3;
T137;GEOGRAFIA DA POPULAÇÃO;LG.S2.2019.2;LG;NOITE;4;DANIELLE RODRIGUES;>20;;9;4;
T137;GEOGRAFIA DA POPULAÇÃO;LG.S2.2019.2;LG;NOITE;4;DANIELLE RODRIGUES;>20;;10;3;
T137;GEOGRAFIA DA POPULAÇÃO;LG.S2.2019.2;LG;NOITE;4;DANIELLE RODRIGUES;>20;;10;4;
T138;OFICINA DE GEOGRAFIA II;LG.S3.2019.2;LG;NOITE;2;DANIELLE RODRIGUES;>20;;11;4;
T138;OFICINA DE GEOGRAFIA II;LG.S3.2019.2;LG;NOITE;2;DANIELLE RODRIGUES;>20;;12;4;
T139;ESTÁGIO I;LG.S7.2019.2;LG;NOITE;2;DANIELLE RODRIGUES;>20;;11;2;
T139;ESTÁGIO I;LG.S7.2019.2;LG;NOITE;2;DANIELLE RODRIGUES;>20;;12;2;
T140;GEOGRAFIA I;TIE.S1.2020.1;TIE;MANHA;2;DANIELLE RODRIGUES;>20;;1;3;
T140;GEOGRAFIA I;TIE.S1.2020.1;TIE;MANHA;2;DANIELLE RODRIGUES;>20;;2;3;
T141;GESTÃO DA QUALIDADE;EPC.S3.2019.2;EPC;MANHA;4;DAVI XAVIER;<20;;1;2;
T141;GESTÃO DA QUALIDADE;EPC.S3.2019.2;EPC;MANHA;4;DAVI XAVIER;<20;;2;2;
T141;GESTÃO DA QUALIDADE;EPC.S3.2019.2;EPC;MANHA;4;DAVI XAVIER;<20;;3;1;
T141;GESTÃO DA QUALIDADE;EPC.S3.2019.2;EPC;MANHA;4;DAVI XAVIER;<20;;4;1;
T142;GESTÃO DA QUALIDADE;EPC.S3.2020.1;EPC;TARDE;4;DAVI XAVIER;>20;;5;1;
T142;GESTÃO DA QUALIDADE;EPC.S3.2020.1;EPC;TARDE;4;DAVI XAVIER;>20;;6;1;
T142;GESTÃO DA QUALIDADE;EPC.S3.2020.1;EPC;TARDE;4;DAVI XAVIER;>20;;7;2;
T142;GESTÃO DA QUALIDADE;EPC.S3.2020.1;EPC;TARDE;4;DAVI XAVIER;>20;;8;2;
T143;ERGONOMIA;EPC.S7.2019.2;EPC;MANHA;2;DAVI XAVIER;<20;;1;1;
T143;ERGONOMIA;EPC.S7.2019.2;EPC;MANHA;2;DAVI XAVIER;<20;;2;1;
T144;PROJETO DO TRAB. DE CONCL. DE CURSO;EPC.S8.2019.2;EPC;TARDE;2;DAVI XAVIER;<20;;5;3;
T144;PROJETO DO TRAB. DE CONCL. DE CURSO;EPC.S8.2019.2;EPC;TARDE;2;DAVI XAVIER;<20;;6;3;
T145;PLANEJAMENTO INDUSTRIAL;EPC.S10.2019.2;EPC;MANHA;2;DAVI XAVIER;>20;;3;2;
T145;PLANEJAMENTO INDUSTRIAL;EPC.S10.2019.2;EPC;MANHA;2;DAVI XAVIER;>20;;4;2;
T146;PCP (PLAN. E CONTROLE DA PRODUÇÃO);TSE.S2.2020.1;TSE;NOITE;2;DAVI XAVIER;>20;LAB. ENG. PRODUTO;9;1;
T146;PCP (PLAN. E CONTROLE DA PRODUÇÃO);TSE.S2.2020.1;TSE;NOITE;2;DAVI XAVIER;>20;LAB. ENG. PRODUTO;10;1;
T147;PLANEJAMENTO E CONTROLE DA PRODUÇÃO;TIQ.S5.2020.1;TIQ;TARDE;2;DAVI XAVIER;>20;;7;1;
T147;PLANEJAMENTO E CONTROLE DA PRODUÇÃO;TIQ.S5.2020.1;TIQ;TARDE;2;DAVI XAVIER;>20;;8;1;
T148;DIDÁTICA GERAL;LIQ.S4.2019.2;LIQ;MANHA;4;DAYANA SILVA;<20;;1;5;
T148;DIDÁTICA GERAL;LIQ.S4.2019.2;LIQ;MANHA;4;DAYANA SILVA;<20;;2;5;
T148;DIDÁTICA GERAL;LIQ.S4.2019.2;LIQ;MANHA;4;DAYANA SILVA;<20;;3;4;
T148;DIDÁTICA GERAL;LIQ.S4.2019.2;LIQ;MANHA;4;DAYANA SILVA;<20;;4;4;
T149;PSICOLOGIA DO DESENVOLVIMENTO;LG.S2.2019.2;LG;NOITE;4;DAYANA SILVA;>20;;11;3;
T149;PSICOLOGIA DO DESENVOLVIMENTO;LG.S2.2019.2;LG;NOITE;4;DAYANA SILVA;>20;;11;4;
T149;PSICOLOGIA DO DESENVOLVIMENTO;LG.S2.2019.2;LG;NOITE;4;DAYANA SILVA;>20;;12;3;
T149;PSICOLOGIA DO DESENVOLVIMENTO;LG.S2.2019.2;LG;NOITE;4;DAYANA SILVA;>20;;12;4;
T150;DIDÁTICA;LG.S4.2019.2;LG;NOITE;4;DAYANA SILVA;>20;;9;3;
T150;DIDÁTICA;LG.S4.2019.2;LG;NOITE;4;DAYANA SILVA;>20;;9;5;
T150;DIDÁTICA;LG.S4.2019.2;LG;NOITE;4;DAYANA SILVA;>20;;10;3;
T150;DIDÁTICA;LG.S4.2019.2;LG;NOITE;4;DAYANA SILVA;>20;;10;5;
T151;POLÍTICA E GESTÃO EDUCACIONAL;LG.S5.2019.2;LG;NOITE;4;DAYANA SILVA;>20;;9;4;
T151;POLÍTICA E GESTÃO EDUCACIONAL;LG.S5.2019.2;LG;NOITE;4;DAYANA SILVA;>20;;10;4;
T151;POLÍTICA E GESTÃO EDUCACIONAL;LG.S5.2019.2;LG;NOITE;4;DAYANA SILVA;>20;;11;5;
T151;POLÍTICA E GESTÃO EDUCACIONAL;LG.S5.2019.2;LG;NOITE;4;DAYANA SILVA;>20;;12;5;
T152;HIDRÁULICA APLICADA;EPC.S5.2019.2;EPC;MANHA;4;DELFÁBIO OLIVEIRA;<20;LAB. HIDRÁULICA;1;1;
T152;HIDRÁULICA APLICADA;EPC.S5.2019.2;EPC;MANHA;4;DELFÁBIO OLIVEIRA;<20;LAB. HIDRÁULICA;1;3;
T152;HIDRÁULICA APLICADA;EPC.S5.2019.2;EPC;MANHA;4;DELFÁBIO OLIVEIRA;<20;LAB. HIDRÁULICA;2;1;
T152;HIDRÁULICA APLICADA;EPC.S5.2019.2;EPC;MANHA;4;DELFÁBIO OLIVEIRA;<20;LAB. HIDRÁULICA;2;3;
T153;HIDROLOGIA;EAS.S7.2019.2;EAS;TARDE;2;DELFÁBIO OLIVEIRA;<20;LAB. GEOPROCESSAMENTO;5;1;
T153;HIDROLOGIA;EAS.S7.2019.2;EAS;TARDE;2;DELFÁBIO OLIVEIRA;<20;LAB. GEOPROCESSAMENTO;6;1;
T154;HIDROGEOLOGIA;EAS.S8.2019.2;EAS;MANHA;2;DELFÁBIO OLIVEIRA;<20;;3;1;
T154;HIDROGEOLOGIA;EAS.S8.2019.2;EAS;MANHA;2;DELFÁBIO OLIVEIRA;<20;;4;1;
T155;PLANEJAMENTO E GESTÃO DE BACIAS;EAS.S9.2019.2;EAS;TARDE;4;DELFÁBIO OLIVEIRA;<20;;5;2;
T155;PLANEJAMENTO E GESTÃO DE BACIAS;EAS.S9.2019.2;EAS;TARDE;4;DELFÁBIO OLIVEIRA;<20;;6;2;
T155;PLANEJAMENTO E GESTÃO DE BACIAS;EAS.S9.2019.2;EAS;TARDE;4;DELFÁBIO OLIVEIRA;<20;;7;1;
T155;PLANEJAMENTO E GESTÃO DE BACIAS;EAS.S9.2019.2;EAS;TARDE;4;DELFÁBIO OLIVEIRA;<20;;8;1;
T156;FUNDAMENTOS JURÍDICOS PARA ENG.;EPC.S8.2019.2;EPC;TARDE;2;DESCONHECIDO;<20;;5;1;
T156;FUNDAMENTOS JURÍDICOS PARA ENG.;EPC.S8.2019.2;EPC;TARDE;2;DESCONHECIDO;<20;;6;1;
T157;CÁLCULO III;EPC.S3.2020.1;EPC;TARDE;4;DIEGO RODRIGUES;<20;;5;5;
T157;CÁLCULO III;EPC.S3.2020.1;EPC;TARDE;4;DIEGO RODRIGUES;<20;;6;5;
T157;CÁLCULO III;EPC.S3.2020.1;EPC;TARDE;4;DIEGO RODRIGUES;<20;;7;3;
T157;CÁLCULO III;EPC.S3.2020.1;EPC;TARDE;4;DIEGO RODRIGUES;<20;;8;3;
T158;CÁLCULO III;EC.S3.2020.1;EC;MANHA;4;DIEGO RODRIGUES;>20;;1;4;
T158;CÁLCULO III;EC.S3.2020.1;EC;MANHA;4;DIEGO RODRIGUES;>20;;2;4;
T158;CÁLCULO III;EC.S3.2020.1;EC;MANHA;4;DIEGO RODRIGUES;>20;;3;3;
T158;CÁLCULO III;EC.S3.2020.1;EC;MANHA;4;DIEGO RODRIGUES;>20;;4;3;
T159;CÁLCULO III;EC.S3.2019.2;EC;TARDE;4;DIEGO RODRIGUES;<20;;5;4;
T159;CÁLCULO III;EC.S3.2019.2;EC;TARDE;4;DIEGO RODRIGUES;<20;;6;4;
T159;CÁLCULO III;EC.S3.2019.2;EC;TARDE;4;DIEGO RODRIGUES;<20;;7;5;
T159;CÁLCULO III;EC.S3.2019.2;EC;TARDE;4;DIEGO RODRIGUES;<20;;8;5;
T160;MATEMÁTICA APLICADA À ENG. CIVIL;EC.S4.2019.2;EC;MANHA;2;DIEGO RODRIGUES;<20;;3;5;
T160;MATEMÁTICA APLICADA À ENG. CIVIL;EC.S4.2019.2;EC;MANHA;2;DIEGO RODRIGUES;<20;;4;5;
T161;GEOMETRIA ANALÍTICA;EC.S2.RETIDOS.2019.2;EC;MANHA;2;DIEGO RODRIGUES;<20;;1;5;
T161;GEOMETRIA ANALÍTICA;EC.S2.RETIDOS.2019.2;EC;MANHA;2;DIEGO RODRIGUES;<20;;2;5;
T162;ÁLGEBRA LINEAR;EAS.S2.2020.1;EAS;MANHA;2;DIEGO RODRIGUES;>20;;3;4;
T162;ÁLGEBRA LINEAR;EAS.S2.2020.1;EAS;MANHA;2;DIEGO RODRIGUES;>20;;4;4;
T163;FUND. SÓCIO-FILISÓFICOS DA EDUCAÇÃO;LIQ.S1.2020.1;LIQ;NOITE;4;EDUARDO LÚCIO;>20;;9;3;
T163;FUND. SÓCIO-FILISÓFICOS DA EDUCAÇÃO;LIQ.S1.2020.1;LIQ;NOITE;4;EDUARDO LÚCIO;>20;;9;4;
T163;FUND. SÓCIO-FILISÓFICOS DA EDUCAÇÃO;LIQ.S1.2020.1;LIQ;NOITE;4;EDUARDO LÚCIO;>20;;10;3;
T163;FUND. SÓCIO-FILISÓFICOS DA EDUCAÇÃO;LIQ.S1.2020.1;LIQ;NOITE;4;EDUARDO LÚCIO;>20;;10;4;
T164;FUND. SÓCIO-FILISÓFICOS DA EDUCAÇÃO;LG.S1.2019.2;LG;NOITE;4;EDUARDO LÚCIO;>20;;9;2;
T164;FUND. SÓCIO-FILISÓFICOS DA EDUCAÇÃO;LG.S1.2019.2;LG;NOITE;4;EDUARDO LÚCIO;>20;;10;2;
T164;FUND. SÓCIO-FILISÓFICOS DA EDUCAÇÃO;LG.S1.2019.2;LG;NOITE;4;EDUARDO LÚCIO;>20;;11;4;
T164;FUND. SÓCIO-FILISÓFICOS DA EDUCAÇÃO;LG.S1.2019.2;LG;NOITE;4;EDUARDO LÚCIO;>20;;12;4;
T165;INTRODUÇÃO A FILOSOFIA;LG.S2.2019.2;LG;NOITE;2;EDUARDO LÚCIO;>20;;11;1;
T165;INTRODUÇÃO A FILOSOFIA;LG.S2.2019.2;LG;NOITE;2;EDUARDO LÚCIO;>20;;12;1;
T166;GEOGRAFIA ECONÔMICA;LG.S4.2019.2;LG;NOITE;4;EDUARDO LÚCIO;>20;;9;1;
T166;GEOGRAFIA ECONÔMICA;LG.S4.2019.2;LG;NOITE;4;EDUARDO LÚCIO;>20;;10;1;
T166;GEOGRAFIA ECONÔMICA;LG.S4.2019.2;LG;NOITE;4;EDUARDO LÚCIO;>20;;11;2;
T166;GEOGRAFIA ECONÔMICA;LG.S4.2019.2;LG;NOITE;4;EDUARDO LÚCIO;>20;;12;2;
T167;GEOGRAFIA POLÍTICA;LG.S7.2019.2;LG;NOITE;2;EDUARDO LÚCIO;>20;;11;3;
T167;GEOGRAFIA POLÍTICA;LG.S7.2019.2;LG;NOITE;2;EDUARDO LÚCIO;>20;;12;3;
T168;FILOSOFIA II;TIQ.S3.2020.1;TIQ;MANHA;1;EDUARDO LÚCIO;>20;;1;4;
T169;FILOSOFIA II ;TIE.S3.2020.1;TIE;TARDE;1;EDUARDO LÚCIO;>20;;6;3;
T170;SOCIOLOGIA II;TIQ.S3.2020.1;TIQ;MANHA;1;EDUARDO LÚCIO;>20;;3;4;
T171;SOCIOLOGIA II ;TIE.S3.2020.1;TIE;TARDE;1;EDUARDO LÚCIO;>20;;6;4;
T172;FÍSICO-QUÍMICA II;LIQ.S5.2019.2;LIQ;MANHA;4;ELIZABETE CARNEIRO;<20;;1;5;
T172;FÍSICO-QUÍMICA II;LIQ.S5.2019.2;LIQ;MANHA;4;ELIZABETE CARNEIRO;<20;;2;5;
T172;FÍSICO-QUÍMICA II;LIQ.S5.2019.2;LIQ;MANHA;4;ELIZABETE CARNEIRO;<20;;3;4;
T172;FÍSICO-QUÍMICA II;LIQ.S5.2019.2;LIQ;MANHA;4;ELIZABETE CARNEIRO;<20;;4;4;
T173;MECÂNICA DOS FLUIDOS;TSE.S2.2020.1;TSE;NOITE;2;ELIZABETE CARNEIRO;<20;;11;4;
T173;MECÂNICA DOS FLUIDOS;TSE.S2.2020.1;TSE;NOITE;2;ELIZABETE CARNEIRO;<20;;12;4;
T174;MECÂNICA DOS FLUIDOS;TIQ.S5.2020.1;TIQ;TARDE;2;ELIZABETE CARNEIRO;>20;;7;4;
T174;MECÂNICA DOS FLUIDOS;TIQ.S5.2020.1;TIQ;TARDE;2;ELIZABETE CARNEIRO;>20;;8;4;
T175;MECÂNICA DOS FLUIDOS ;TSQ.S2.2020.1;TSQ;NOITE;2;ELIZABETE CARNEIRO;<20;;11;3;
T175;MECÂNICA DOS FLUIDOS ;TSQ.S2.2020.1;TSQ;NOITE;2;ELIZABETE CARNEIRO;<20;;12;3;
T176;TERMODINÂMICA APLICADA;TSQ.S2.2020.1;TSQ;NOITE;2;ELIZABETE CARNEIRO;>20;;9;5;
T176;TERMODINÂMICA APLICADA;TSQ.S2.2020.1;TSQ;NOITE;2;ELIZABETE CARNEIRO;>20;;10;5;
T177;INTRODUÇÃO AO PENSAMENTO GEOGRÁFICO;LG.S1.2019.2;LG;NOITE;4;ELUZIANE MENDES;>20;;9;4;
T177;INTRODUÇÃO AO PENSAMENTO GEOGRÁFICO;LG.S1.2019.2;LG;NOITE;4;ELUZIANE MENDES;>20;;10;4;
T177;INTRODUÇÃO AO PENSAMENTO GEOGRÁFICO;LG.S1.2019.2;LG;NOITE;4;ELUZIANE MENDES;>20;;11;3;
T177;INTRODUÇÃO AO PENSAMENTO GEOGRÁFICO;LG.S1.2019.2;LG;NOITE;4;ELUZIANE MENDES;>20;;12;3;
T178;GEOGRAFIA URBANA;LG.S5.2019.2;LG;NOITE;4;ELUZIANE MENDES;>20;;9;1;
T178;GEOGRAFIA URBANA;LG.S5.2019.2;LG;NOITE;4;ELUZIANE MENDES;>20;;9;3;
T178;GEOGRAFIA URBANA;LG.S5.2019.2;LG;NOITE;4;ELUZIANE MENDES;>20;;10;1;
T178;GEOGRAFIA URBANA;LG.S5.2019.2;LG;NOITE;4;ELUZIANE MENDES;>20;;10;3;
T179;GEOGRAFIA DA ENERGIA E INDÚSTRIA;LG.S6.2019.2;LG;NOITE;2;ELUZIANE MENDES;<20;;11;4;
T179;GEOGRAFIA DA ENERGIA E INDÚSTRIA;LG.S6.2019.2;LG;NOITE;2;ELUZIANE MENDES;<20;;12;4;
T180;OFICINA DE MATERIAIS DID. EM GEOGR.;LG.S8.2019.2;LG;NOITE;4;ELUZIANE MENDES;>20;;9;2;
T180;OFICINA DE MATERIAIS DID. EM GEOGR.;LG.S8.2019.2;LG;NOITE;4;ELUZIANE MENDES;>20;;10;2;
T180;OFICINA DE MATERIAIS DID. EM GEOGR.;LG.S8.2019.2;LG;NOITE;4;ELUZIANE MENDES;>20;;11;1;
T180;OFICINA DE MATERIAIS DID. EM GEOGR.;LG.S8.2019.2;LG;NOITE;4;ELUZIANE MENDES;>20;;12;1;
T181;GEOGRAFIA I;TIQ.S1.2020.1;TIQ;TARDE;2;ELUZIANE MENDES;>20;;7;1;
T181;GEOGRAFIA I;TIQ.S1.2020.1;TIQ;TARDE;2;ELUZIANE MENDES;>20;;8;1;
T182;GEOGRAFIA AGRÁRIA;LG.S3.2019.2;LG;NOITE;4;EMÍLIO TARLIS;>20;;9;1;
T182;GEOGRAFIA AGRÁRIA;LG.S3.2019.2;LG;NOITE;4;EMÍLIO TARLIS;>20;;9;2;
T182;GEOGRAFIA AGRÁRIA;LG.S3.2019.2;LG;NOITE;4;EMÍLIO TARLIS;>20;;10;1;
T182;GEOGRAFIA AGRÁRIA;LG.S3.2019.2;LG;NOITE;4;EMÍLIO TARLIS;>20;;10;2;
T183;GEOGRAFIA DO BRASIL;LG.S4.2019.2;LG;NOITE;4;EMÍLIO TARLIS;>20;;11;3;
T183;GEOGRAFIA DO BRASIL;LG.S4.2019.2;LG;NOITE;4;EMÍLIO TARLIS;>20;;11;4;
T183;GEOGRAFIA DO BRASIL;LG.S4.2019.2;LG;NOITE;4;EMÍLIO TARLIS;>20;;12;3;
T183;GEOGRAFIA DO BRASIL;LG.S4.2019.2;LG;NOITE;4;EMÍLIO TARLIS;>20;;12;4;
T184;GEOGRAFIA DO NORDESTE E DO CEARÁ;LG.S6.2019.2;LG;NOITE;4;EMÍLIO TARLIS;<20;;9;3;
T184;GEOGRAFIA DO NORDESTE E DO CEARÁ;LG.S6.2019.2;LG;NOITE;4;EMÍLIO TARLIS;<20;;10;3;
T184;GEOGRAFIA DO NORDESTE E DO CEARÁ;LG.S6.2019.2;LG;NOITE;4;EMÍLIO TARLIS;<20;;11;2;
T184;GEOGRAFIA DO NORDESTE E DO CEARÁ;LG.S6.2019.2;LG;NOITE;4;EMÍLIO TARLIS;<20;;12;2;
T185;GEOGRAFIA CULTURAL;LG.S7.2019.2;LG;NOITE;2;EMÍLIO TARLIS;>20;;11;1;
T185;GEOGRAFIA CULTURAL;LG.S7.2019.2;LG;NOITE;2;EMÍLIO TARLIS;>20;;12;1;
T186;GEOLOGIA PARA ENGENHARIA;EPC.S5.2019.2;EPC;MANHA;2;FELIPE MONTEIRO;<20;;3;5;
T186;GEOLOGIA PARA ENGENHARIA;EPC.S5.2019.2;EPC;MANHA;2;FELIPE MONTEIRO;<20;;4;5;
T187;GEOLOGIA APLICADA À ENGENHARIA CIVIL;EC.S4.2019.2;EC;MANHA;2;FELIPE MONTEIRO;>20;;3;4;
T187;GEOLOGIA APLICADA À ENGENHARIA CIVIL;EC.S4.2019.2;EC;MANHA;2;FELIPE MONTEIRO;>20;;4;4;
T188;GEOLOGIA GERAL;LG.S1.2019.2;LG;NOITE;4;FELIPE MONTEIRO;>20;;9;3;
T188;GEOLOGIA GERAL;LG.S1.2019.2;LG;NOITE;4;FELIPE MONTEIRO;>20;;10;3;
T188;GEOLOGIA GERAL;LG.S1.2019.2;LG;NOITE;4;FELIPE MONTEIRO;>20;;11;5;
T188;GEOLOGIA GERAL;LG.S1.2019.2;LG;NOITE;4;FELIPE MONTEIRO;>20;;12;5;
T189;GEOMORFOLOGIA;LG.S3.2019.2;LG;NOITE;4;FELIPE MONTEIRO;>20;;9;4;
T189;GEOMORFOLOGIA;LG.S3.2019.2;LG;NOITE;4;FELIPE MONTEIRO;>20;;10;4;
T189;GEOMORFOLOGIA;LG.S3.2019.2;LG;NOITE;4;FELIPE MONTEIRO;>20;;11;3;
T189;GEOMORFOLOGIA;LG.S3.2019.2;LG;NOITE;4;FELIPE MONTEIRO;>20;;12;3;
T190;DID. E TECN. APLICADAS AO ENSINO DE GEO.;LG.S6.2019.2;LG;NOITE;2;FELIPE MONTEIRO;<20;;9;5;
T190;DID. E TECN. APLICADAS AO ENSINO DE GEO.;LG.S6.2019.2;LG;NOITE;2;FELIPE MONTEIRO;<20;;10;5;
T191;GEOMORFOLOGIA;EAS.S4.2019.2;EAS;MANHA;2;FELIPE MONTEIRO;<20;;1;5;
T191;GEOMORFOLOGIA;EAS.S4.2019.2;EAS;MANHA;2;FELIPE MONTEIRO;<20;;2;5;
T192;ESTRUTURA DE CONCRETO;EPC.S9.2019.2;EPC;MANHA;4;GEDYSON DE OLIVEIRA;<20;;1;3;
T192;ESTRUTURA DE CONCRETO;EPC.S9.2019.2;EPC;MANHA;4;GEDYSON DE OLIVEIRA;<20;;2;3;
T192;ESTRUTURA DE CONCRETO;EPC.S9.2019.2;EPC;MANHA;4;GEDYSON DE OLIVEIRA;<20;;3;2;
T192;ESTRUTURA DE CONCRETO;EPC.S9.2019.2;EPC;MANHA;4;GEDYSON DE OLIVEIRA;<20;;4;2;
T193;ESTRUTURAS DE AÇO E MADEIRA;EPC.S10.2019.2;EPC;MANHA;4;GEDYSON DE OLIVEIRA;<20;;3;1;
T193;ESTRUTURAS DE AÇO E MADEIRA;EPC.S10.2019.2;EPC;MANHA;4;GEDYSON DE OLIVEIRA;<20;;3;3;
T193;ESTRUTURAS DE AÇO E MADEIRA;EPC.S10.2019.2;EPC;MANHA;4;GEDYSON DE OLIVEIRA;<20;;4;1;
T193;ESTRUTURAS DE AÇO E MADEIRA;EPC.S10.2019.2;EPC;MANHA;4;GEDYSON DE OLIVEIRA;<20;;4;3;
T194;RESISTÊNCIA DOS MATERIAIS;TSE.S3.2019.2;TSE;NOITE;4;GEDYSON DE OLIVEIRA;<20;;11;1;
T194;RESISTÊNCIA DOS MATERIAIS;TSE.S3.2019.2;TSE;NOITE;4;GEDYSON DE OLIVEIRA;<20;;11;3;
T194;RESISTÊNCIA DOS MATERIAIS;TSE.S3.2019.2;TSE;NOITE;4;GEDYSON DE OLIVEIRA;<20;;12;1;
T194;RESISTÊNCIA DOS MATERIAIS;TSE.S3.2019.2;TSE;NOITE;4;GEDYSON DE OLIVEIRA;<20;;12;3;
T195;SISTEMAS ESTRUTURAIS;TSE.S4.2020.1;TSE;NOITE;2;GEDYSON DE OLIVEIRA;<20;;9;1;
T195;SISTEMAS ESTRUTURAIS;TSE.S4.2020.1;TSE;NOITE;2;GEDYSON DE OLIVEIRA;<20;;10;1;
T196;COMUNICAÇÃO E EXPRESSÃO;EAS.S1.2020.1;EAS;TARDE;2;GLEYCIANE;>20;;5;3;
T196;COMUNICAÇÃO E EXPRESSÃO;EAS.S1.2020.1;EAS;TARDE;2;GLEYCIANE;>20;;6;3;
T197;LÍNGUA PORTUGUESA I;TIQ.S1.2020.1;TIQ;TARDE;4;GLEYCIANE;>20;;5;4;
T197;LÍNGUA PORTUGUESA I;TIQ.S1.2020.1;TIQ;TARDE;4;GLEYCIANE;>20;;5;5;
T197;LÍNGUA PORTUGUESA I;TIQ.S1.2020.1;TIQ;TARDE;4;GLEYCIANE;>20;;6;4;
T197;LÍNGUA PORTUGUESA I;TIQ.S1.2020.1;TIQ;TARDE;4;GLEYCIANE;>20;;6;5;
T198;LÍNGUA PORTUGUESA III;TIQ.S3.2020.1;TIQ;MANHA;2;GLEYCIANE;>20;;1;5;
T198;LÍNGUA PORTUGUESA III;TIQ.S3.2020.1;TIQ;MANHA;2;GLEYCIANE;>20;;2;5;
T199;ESPANHOL BÁSICO;TIQ.S7.2019.2;TIQ;MANHA;2;GLEYCIANE;>20;;1;3;
T199;ESPANHOL BÁSICO;TIQ.S7.2019.2;TIQ;MANHA;2;GLEYCIANE;>20;;2;3;
T200;PORTUGUÊS III ;TIE.S3.2020.1;TIE;TARDE;2;GLEYCIANE;>20;;7;5;
T200;PORTUGUÊS III ;TIE.S3.2020.1;TIE;TARDE;2;GLEYCIANE;>20;;8;5;
T201;ESPANHOL BÁSICO ;TIE.S5.2020.1;TIE;MANHA;2;GLEYCIANE;<20;LAB. LÍNGUAS;3;3;
T201;ESPANHOL BÁSICO ;TIE.S5.2020.1;TIE;MANHA;2;GLEYCIANE;<20;LAB. LÍNGUAS;4;3;
T202;QUÍMICA GERAL II;EAS.S2.2020.1;EAS;MANHA;4;GUILHERME JÚNIOR;<20;;1;1;
T202;QUÍMICA GERAL II;EAS.S2.2020.1;EAS;MANHA;4;GUILHERME JÚNIOR;<20;;1;2;
T202;QUÍMICA GERAL II;EAS.S2.2020.1;EAS;MANHA;4;GUILHERME JÚNIOR;<20;;2;1;
T202;QUÍMICA GERAL II;EAS.S2.2020.1;EAS;MANHA;4;GUILHERME JÚNIOR;<20;;2;2;
T203;HISTÓRIA DA QUÍMICA;LIQ.S2.2020.1;LIQ;MANHA;2;GUILHERME JÚNIOR;>20;;1;3;
T203;HISTÓRIA DA QUÍMICA;LIQ.S2.2020.1;LIQ;MANHA;2;GUILHERME JÚNIOR;>20;;2;3;
T204;QUÍMICA INORGÂNICA II;LIQ.S4.2019.2;LIQ;MANHA;2;GUILHERME JÚNIOR;<20;;3;3;
T204;QUÍMICA INORGÂNICA II;LIQ.S4.2019.2;LIQ;MANHA;2;GUILHERME JÚNIOR;<20;;4;3;
T205;LABORATÓRIO DE QUÍMICA INORGÂNICA;LIQ.S4.2019.2;LIQ;MANHA;2;GUILHERME JÚNIOR;<20;LAB. QUÍMICA GERAL E INORGÂNICA;3;2;
T205;LABORATÓRIO DE QUÍMICA INORGÂNICA;LIQ.S4.2019.2;LIQ;MANHA;2;GUILHERME JÚNIOR;<20;LAB. QUÍMICA GERAL E INORGÂNICA;4;2;
T206;CÁLCULO III;EPC.S3.2019.2;EPC;MANHA;4;HELANO DOS SANTOS;<20;;1;4;
T206;CÁLCULO III;EPC.S3.2019.2;EPC;MANHA;4;HELANO DOS SANTOS;<20;;1;5;
T206;CÁLCULO III;EPC.S3.2019.2;EPC;MANHA;4;HELANO DOS SANTOS;<20;;2;4;
T206;CÁLCULO III;EPC.S3.2019.2;EPC;MANHA;4;HELANO DOS SANTOS;<20;;2;5;
T207;CÁLCULO VETORIAL;EAS.S4.2019.2;EAS;TARDE;4;HELANO DOS SANTOS;<20;;5;4;
T207;CÁLCULO VETORIAL;EAS.S4.2019.2;EAS;TARDE;4;HELANO DOS SANTOS;<20;;6;4;
T207;CÁLCULO VETORIAL;EAS.S4.2019.2;EAS;TARDE;4;HELANO DOS SANTOS;<20;;7;3;
T207;CÁLCULO VETORIAL;EAS.S4.2019.2;EAS;TARDE;4;HELANO DOS SANTOS;<20;;8;3;
T208;CÁLCULO II;LIQ.S3.2019.2;LIQ;NOITE;4;HELANO DOS SANTOS;<20;;9;4;
T208;CÁLCULO II;LIQ.S3.2019.2;LIQ;NOITE;4;HELANO DOS SANTOS;<20;;10;4;
T208;CÁLCULO II;LIQ.S3.2019.2;LIQ;NOITE;4;HELANO DOS SANTOS;<20;;11;5;
T208;CÁLCULO II;LIQ.S3.2019.2;LIQ;NOITE;4;HELANO DOS SANTOS;<20;;12;5;
T209;ESTATÍSTICA APLICADA À GEOGRAFIA;LG.S3.2019.2;LG;NOITE;2;HELANO DOS SANTOS;>20;;9;5;
T209;ESTATÍSTICA APLICADA À GEOGRAFIA;LG.S3.2019.2;LG;NOITE;2;HELANO DOS SANTOS;>20;;10;5;
T210;MATEMÁTICA APLICADA;TMA.S1.2020.1;TMA;NOITE;4;HELANO DOS SANTOS;>20;;9;3;
T210;MATEMÁTICA APLICADA;TMA.S1.2020.1;TMA;NOITE;4;HELANO DOS SANTOS;>20;;10;3;
T210;MATEMÁTICA APLICADA;TMA.S1.2020.1;TMA;NOITE;4;HELANO DOS SANTOS;>20;;11;4;
T210;MATEMÁTICA APLICADA;TMA.S1.2020.1;TMA;NOITE;4;HELANO DOS SANTOS;>20;;12;4;
T211;PROCESSOS INDUSTRIAIS;EAS.S8.2019.2;EAS;MANHA;4;JADE BEZERRA;<20;;1;3;
T211;PROCESSOS INDUSTRIAIS;EAS.S8.2019.2;EAS;MANHA;4;JADE BEZERRA;<20;;2;3;
T211;PROCESSOS INDUSTRIAIS;EAS.S8.2019.2;EAS;MANHA;4;JADE BEZERRA;<20;;3;4;
T211;PROCESSOS INDUSTRIAIS;EAS.S8.2019.2;EAS;MANHA;4;JADE BEZERRA;<20;;4;4;
T212;PROCESSOS INDUSTRIAIS E TECN. LIMPAS;TMA.S4.2020.1;TMA;NOITE;4;JADE BEZERRA;<20;;11;3;
T212;PROCESSOS INDUSTRIAIS E TECN. LIMPAS;TMA.S4.2020.1;TMA;NOITE;4;JADE BEZERRA;<20;;11;4;
T212;PROCESSOS INDUSTRIAIS E TECN. LIMPAS;TMA.S4.2020.1;TMA;NOITE;4;JADE BEZERRA;<20;;12;3;
T212;PROCESSOS INDUSTRIAIS E TECN. LIMPAS;TMA.S4.2020.1;TMA;NOITE;4;JADE BEZERRA;<20;;12;4;
T213;PROCESSOS ORGÂNICOS;TIQ.S7.2019.2;TIQ;MANHA;2;JADE BEZERRA;<20;;1;5;
T213;PROCESSOS ORGÂNICOS;TIQ.S7.2019.2;TIQ;MANHA;2;JADE BEZERRA;<20;;2;5;
T214;MICROBIOLOGIA INDUSTRIAL;TIQ.S7.2019.2;TIQ;MANHA;2;JADE BEZERRA;<20;;3;5;
T214;MICROBIOLOGIA INDUSTRIAL;TIQ.S7.2019.2;TIQ;MANHA;2;JADE BEZERRA;<20;;4;5;
T215;TRATAMENTO DE ÁGUA PARA INDÚSTRIA;TSQ.S2.2020.1;TSQ;NOITE;2;JADE BEZERRA;>20;;9;3;
T215;TRATAMENTO DE ÁGUA PARA INDÚSTRIA;TSQ.S2.2020.1;TSQ;NOITE;2;JADE BEZERRA;>20;;10;3;
T216;TÉCNICAS DE CONSTRUÇÃO;TSQ.S4.2020.1;TSQ;NOITE;2;JADE BEZERRA;<20;;9;5;
T216;TÉCNICAS DE CONSTRUÇÃO;TSQ.S4.2020.1;TSQ;NOITE;2;JADE BEZERRA;<20;;10;5;
T217;PROCESSOS INORGÂNICOS;TIQ.S8.RETIDOS.2019.2;TIQ;TARDE;2;JADE BEZERRA;<20;;7;3;
T217;PROCESSOS INORGÂNICOS;TIQ.S8.RETIDOS.2019.2;TIQ;TARDE;2;JADE BEZERRA;<20;;8;3;
T218;CÁLCULO I;EC.S1.2020.1;EC;TARDE;4;JANDEAN LIMA;>20;;5;3;
T218;CÁLCULO I;EC.S1.2020.1;EC;TARDE;4;JANDEAN LIMA;>20;;6;3;
T218;CÁLCULO I;EC.S1.2020.1;EC;TARDE;4;JANDEAN LIMA;>20;;7;2;
T218;CÁLCULO I;EC.S1.2020.1;EC;TARDE;4;JANDEAN LIMA;>20;;8;2;
T219;CÁLCULO I;EAS.S1.RETIDOS.2020.1;EAS;MANHA;4;JANDEAN LIMA;>20;;1;2;
T219;CÁLCULO I;EAS.S1.RETIDOS.2020.1;EAS;MANHA;4;JANDEAN LIMA;>20;;1;3;
T219;CÁLCULO I;EAS.S1.RETIDOS.2020.1;EAS;MANHA;4;JANDEAN LIMA;>20;;2;2;
T219;CÁLCULO I;EAS.S1.RETIDOS.2020.1;EAS;MANHA;4;JANDEAN LIMA;>20;;2;3;
T220;FUNDAMENTOS DE MATEMÁTICA;LIQ.S1.2020.1;LIQ;NOITE;4;JANDEAN LIMA;>20;;9;2;
T220;FUNDAMENTOS DE MATEMÁTICA;LIQ.S1.2020.1;LIQ;NOITE;4;JANDEAN LIMA;>20;;10;2;
T220;FUNDAMENTOS DE MATEMÁTICA;LIQ.S1.2020.1;LIQ;NOITE;4;JANDEAN LIMA;>20;;11;1;
T220;FUNDAMENTOS DE MATEMÁTICA;LIQ.S1.2020.1;LIQ;NOITE;4;JANDEAN LIMA;>20;;12;1;
T221;MATEMÁTICA III;TIQ.S3.2020.1;TIQ;MANHA;2;JANDEAN LIMA;<20;;1;1;
T221;MATEMÁTICA III;TIQ.S3.2020.1;TIQ;MANHA;2;JANDEAN LIMA;<20;;2;1;
T222;MATEMÁTICA III ;TIE.S3.2020.1;TIE;TARDE;2;JANDEAN LIMA;<20;;5;1;
T222;MATEMÁTICA III ;TIE.S3.2020.1;TIE;TARDE;2;JANDEAN LIMA;<20;;6;1;
T223;MATEMÁTICA II ;TIQ.S2.RETIDOS.2020.1/TIE.S2.RETIDOS.2020.1;OFERTA CONJUNTA;MANHA;4;JANDEAN LIMA;<20;;3;1;
T223;MATEMÁTICA II ;TIQ.S2.RETIDOS.2020.1/TIE.S2.RETIDOS.2020.1;OFERTA CONJUNTA;MANHA;4;JANDEAN LIMA;<20;;3;2;
T223;MATEMÁTICA II ;TIQ.S2.RETIDOS.2020.1/TIE.S2.RETIDOS.2020.1;OFERTA CONJUNTA;MANHA;4;JANDEAN LIMA;<20;;4;1;
T223;MATEMÁTICA II ;TIQ.S2.RETIDOS.2020.1/TIE.S2.RETIDOS.2020.1;OFERTA CONJUNTA;MANHA;4;JANDEAN LIMA;<20;;4;2;
T224;PEDOLOGIA;EAS.S3.2019.2;EAS;TARDE;4;JOÃO LUÍS;<20;;5;2;
T224;PEDOLOGIA;EAS.S3.2019.2;EAS;TARDE;4;JOÃO LUÍS;<20;;6;2;
T224;PEDOLOGIA;EAS.S3.2019.2;EAS;TARDE;4;JOÃO LUÍS;<20;;7;1;
T224;PEDOLOGIA;EAS.S3.2019.2;EAS;TARDE;4;JOÃO LUÍS;<20;;8;1;
T225;CLIMATOLOGIA AMBIENTAL;EAS.S6.2019.2;EAS;MANHA;2;JOÃO LUÍS;<20;;1;3;
T225;CLIMATOLOGIA AMBIENTAL;EAS.S6.2019.2;EAS;MANHA;2;JOÃO LUÍS;<20;;2;3;
T226;METODOLOGIA CIENTÍFICA;LG.S1.2019.2;LG;NOITE;2;JOÃO LUÍS;>20;;9;1;
T226;METODOLOGIA CIENTÍFICA;LG.S1.2019.2;LG;NOITE;2;JOÃO LUÍS;>20;;10;1;
T227;PEDOLOGIA;LG.S4.2019.2;LG;NOITE;4;JOÃO LUÍS;>20;;9;2;
T227;PEDOLOGIA;LG.S4.2019.2;LG;NOITE;4;JOÃO LUÍS;>20;;10;2;
T227;PEDOLOGIA;LG.S4.2019.2;LG;NOITE;4;JOÃO LUÍS;>20;;11;1;
T227;PEDOLOGIA;LG.S4.2019.2;LG;NOITE;4;JOÃO LUÍS;>20;;12;1;
T228;PRÁTICA PROFISSIONAL (PROJ. INTEGRADO);TMA.S4.2020.1;TMA;NOITE;2;JOÃO LUÍS;>20;;11;2;
T228;PRÁTICA PROFISSIONAL (PROJ. INTEGRADO);TMA.S4.2020.1;TMA;NOITE;2;JOÃO LUÍS;>20;;12;2;
T229;MECÂNICA DOS SOLOS;EAS.S9.2019.2/EPC.S6.2019.2;OFERTA CONJUNTA;TARDE;4;JOÃO LUÍZ;<20;LAB. DE SOLOS E MATERIAIS;7;4;
T229;MECÂNICA DOS SOLOS;EAS.S9.2019.2/EPC.S6.2019.2;OFERTA CONJUNTA;TARDE;4;JOÃO LUÍZ;<20;LAB. DE SOLOS E MATERIAIS;7;5;
T229;MECÂNICA DOS SOLOS;EAS.S9.2019.2/EPC.S6.2019.2;OFERTA CONJUNTA;TARDE;4;JOÃO LUÍZ;<20;LAB. DE SOLOS E MATERIAIS;8;4;
T229;MECÂNICA DOS SOLOS;EAS.S9.2019.2/EPC.S6.2019.2;OFERTA CONJUNTA;TARDE;4;JOÃO LUÍZ;<20;LAB. DE SOLOS E MATERIAIS;8;5;
T230;MECANICA DOS SOLOS ;TSE.S2.2020.1;TSE;NOITE;4;JOÃO LUÍZ;<20;LAB. DE SOLOS E MATERIAIS;9;3;
T230;MECANICA DOS SOLOS ;TSE.S2.2020.1;TSE;NOITE;4;JOÃO LUÍZ;<20;LAB. DE SOLOS E MATERIAIS;10;3;
T230;MECANICA DOS SOLOS ;TSE.S2.2020.1;TSE;NOITE;4;JOÃO LUÍZ;<20;LAB. DE SOLOS E MATERIAIS;11;5;
T230;MECANICA DOS SOLOS ;TSE.S2.2020.1;TSE;NOITE;4;JOÃO LUÍZ;<20;LAB. DE SOLOS E MATERIAIS;12;5;
T231;MATERIAIS DE CONSTRUÇÃO;TSE.S2.2020.1;TSE;NOITE;4;JOÃO LUÍZ;<20;LAB. DE SOLOS E MATERIAIS;9;4;
T231;MATERIAIS DE CONSTRUÇÃO;TSE.S2.2020.1;TSE;NOITE;4;JOÃO LUÍZ;<20;LAB. DE SOLOS E MATERIAIS;9;5;
T231;MATERIAIS DE CONSTRUÇÃO;TSE.S2.2020.1;TSE;NOITE;4;JOÃO LUÍZ;<20;LAB. DE SOLOS E MATERIAIS;10;4;
T231;MATERIAIS DE CONSTRUÇÃO;TSE.S2.2020.1;TSE;NOITE;4;JOÃO LUÍZ;<20;LAB. DE SOLOS E MATERIAIS;10;5;
T232;MECÂNICA DOS SOLOS I ;TIE.S5.2020.1;TIE;MANHA;2;JOÃO LUÍZ;>20;;1;4;
T232;MECÂNICA DOS SOLOS I ;TIE.S5.2020.1;TIE;MANHA;2;JOÃO LUÍZ;>20;;2;4;
T233;MATERIAIS DE CONSTRUÇÃO I ;TIE.S5.2020.1;TIE;MANHA;4;JOÃO LUÍZ;<20;LAB. DE SOLOS E MATERIAIS;1;5;
T233;MATERIAIS DE CONSTRUÇÃO I ;TIE.S5.2020.1;TIE;MANHA;4;JOÃO LUÍZ;<20;LAB. DE SOLOS E MATERIAIS;2;5;
T233;MATERIAIS DE CONSTRUÇÃO I ;TIE.S5.2020.1;TIE;MANHA;4;JOÃO LUÍZ;<20;LAB. DE SOLOS E MATERIAIS;3;4;
T233;MATERIAIS DE CONSTRUÇÃO I ;TIE.S5.2020.1;TIE;MANHA;4;JOÃO LUÍZ;<20;LAB. DE SOLOS E MATERIAIS;4;4;
T234;QUÍMICA GERAL II;LIQ.S2.2020.1;LIQ;MANHA;4;JOTA JÚNIOR;<20;;1;4;
T234;QUÍMICA GERAL II;LIQ.S2.2020.1;LIQ;MANHA;4;JOTA JÚNIOR;<20;;1;5;
T234;QUÍMICA GERAL II;LIQ.S2.2020.1;LIQ;MANHA;4;JOTA JÚNIOR;<20;;2;4;
T234;QUÍMICA GERAL II;LIQ.S2.2020.1;LIQ;MANHA;4;JOTA JÚNIOR;<20;;2;5;
T235;QUÍMICA INORGÂNICA I;LIQ.S3.2019.2;LIQ;NOITE;4;JOTA JÚNIOR;<20;;9;3;
T235;QUÍMICA INORGÂNICA I;LIQ.S3.2019.2;LIQ;NOITE;4;JOTA JÚNIOR;<20;;9;5;
T235;QUÍMICA INORGÂNICA I;LIQ.S3.2019.2;LIQ;NOITE;4;JOTA JÚNIOR;<20;;10;3;
T235;QUÍMICA INORGÂNICA I;LIQ.S3.2019.2;LIQ;NOITE;4;JOTA JÚNIOR;<20;;10;5;
T236;QUÍMICA GERAL I;TIQ.S1.2020.1;TIQ;TARDE;4;JOTA JÚNIOR;>20;;7;3;
T236;QUÍMICA GERAL I;TIQ.S1.2020.1;TIQ;TARDE;4;JOTA JÚNIOR;>20;;7;5;
T236;QUÍMICA GERAL I;TIQ.S1.2020.1;TIQ;TARDE;4;JOTA JÚNIOR;>20;;8;3;
T236;QUÍMICA GERAL I;TIQ.S1.2020.1;TIQ;TARDE;4;JOTA JÚNIOR;>20;;8;5;
T237;LABORATÓRIO DE QUÍMICA;TIQ.S3.2020.1;TIQ;MANHA;2;JOTA JÚNIOR;>20;LAB. QUÍMICA GERAL E INORGÂNICA;3;3;
T237;LABORATÓRIO DE QUÍMICA;TIQ.S3.2020.1;TIQ;MANHA;2;JOTA JÚNIOR;>20;LAB. QUÍMICA GERAL E INORGÂNICA;4;3;
T238;QUÍMICA INORGÂNICA;TIQ.S3.2020.1;TIQ;MANHA;2;JOTA JÚNIOR;>20;;3;5;
T238;QUÍMICA INORGÂNICA;TIQ.S3.2020.1;TIQ;MANHA;2;JOTA JÚNIOR;>20;;4;5;
T239;MATERIAIS DE CONSTRUÇÃO;EC.S3.2020.1;EC;MANHA;4;JOYCE BANDEIRA;>20;LAB. DE SOLOS E MATERIAIS;1;3;
T239;MATERIAIS DE CONSTRUÇÃO;EC.S3.2020.1;EC;MANHA;4;JOYCE BANDEIRA;>20;LAB. DE SOLOS E MATERIAIS;2;3;
T239;MATERIAIS DE CONSTRUÇÃO;EC.S3.2020.1;EC;MANHA;4;JOYCE BANDEIRA;>20;LAB. DE SOLOS E MATERIAIS;3;1;
T239;MATERIAIS DE CONSTRUÇÃO;EC.S3.2020.1;EC;MANHA;4;JOYCE BANDEIRA;>20;LAB. DE SOLOS E MATERIAIS;4;1;
T240;INDUSTRIALIZAÇÃO DA CONSTRUÇÃO CIVIL;EPC.S6.2019.2;EPC;TARDE;2;JOYCE BANDEIRA;<20;;5;2;
T240;INDUSTRIALIZAÇÃO DA CONSTRUÇÃO CIVIL;EPC.S6.2019.2;EPC;TARDE;2;JOYCE BANDEIRA;<20;;6;2;
T241;PATOLOGIA E RECUP. DAS CONSTRUÇÕES;EPC.S10.2019.2;EPC;MANHA;2;JOYCE BANDEIRA;<20;;1;1;
T241;PATOLOGIA E RECUP. DAS CONSTRUÇÕES;EPC.S10.2019.2;EPC;MANHA;2;JOYCE BANDEIRA;<20;;2;1;
T242;PATOLOGIA DAS CONSTRUÇÕES;TSE.S3.2019.2;TSE;NOITE;2;JOYCE BANDEIRA;<20;;9;2;
T242;PATOLOGIA DAS CONSTRUÇÕES;TSE.S3.2019.2;TSE;NOITE;2;JOYCE BANDEIRA;<20;;10;2;
T243;RESISTÊNCIA DOS MATERIAIS I;TIE.S3.2020.1;TIE;TARDE;2;JOYCE BANDEIRA;>20;LAB. DE SOLOS E MATERIAIS;7;3;
T243;RESISTÊNCIA DOS MATERIAIS I;TIE.S3.2020.1;TIE;TARDE;2;JOYCE BANDEIRA;>20;LAB. DE SOLOS E MATERIAIS;8;3;
T244;MATERIAIS DE CONSTRUÇÃO I ;EC.S3.2019.2/EPC.S4.2019.2;OFERTA CONJUNTA;TARDE;4;JOYCE BANDEIRA;>20;LAB. DE SOLOS E MATERIAIS;7;1;
T244;MATERIAIS DE CONSTRUÇÃO I ;EC.S3.2019.2/EPC.S4.2019.2;OFERTA CONJUNTA;TARDE;4;JOYCE BANDEIRA;>20;LAB. DE SOLOS E MATERIAIS;7;2;
T244;MATERIAIS DE CONSTRUÇÃO I ;EC.S3.2019.2/EPC.S4.2019.2;OFERTA CONJUNTA;TARDE;4;JOYCE BANDEIRA;>20;LAB. DE SOLOS E MATERIAIS;8;1;
T244;MATERIAIS DE CONSTRUÇÃO I ;EC.S3.2019.2/EPC.S4.2019.2;OFERTA CONJUNTA;TARDE;4;JOYCE BANDEIRA;>20;LAB. DE SOLOS E MATERIAIS;8;2;
T245;METODOLOGIA DA PESQUISA ;EPC.S5.2019.2/EAS.S6.2019.2;OFERTA CONJUNTA;MANHA;2;JOYCE FREITAS;<20;;3;2;
T245;METODOLOGIA DA PESQUISA ;EPC.S5.2019.2/EAS.S6.2019.2;OFERTA CONJUNTA;MANHA;2;JOYCE FREITAS;<20;;4;2;
T246;METODOLOGIA DO TRAB. CIENTÍFICO;LIQ.S2.2020.1;LIQ;MANHA;2;JOYCE FREITAS;>20;;3;4;
T246;METODOLOGIA DO TRAB. CIENTÍFICO;LIQ.S2.2020.1;LIQ;MANHA;2;JOYCE FREITAS;>20;;4;4;
T247;ESTÁGIO I;LIQ.S6.2019.2;LIQ;NOITE;2;JOYCE FREITAS;<20;;11;4;
T247;ESTÁGIO I;LIQ.S6.2019.2;LIQ;NOITE;2;JOYCE FREITAS;<20;;12;4;
T248;TRABALHO DE CONCLUSÃO DE CURSO I;LIQ.S8.2019.2;LIQ;NOITE;4;JOYCE FREITAS;<20;;9;2;
T248;TRABALHO DE CONCLUSÃO DE CURSO I;LIQ.S8.2019.2;LIQ;NOITE;4;JOYCE FREITAS;<20;;9;4;
T248;TRABALHO DE CONCLUSÃO DE CURSO I;LIQ.S8.2019.2;LIQ;NOITE;4;JOYCE FREITAS;<20;;10;2;
T248;TRABALHO DE CONCLUSÃO DE CURSO I;LIQ.S8.2019.2;LIQ;NOITE;4;JOYCE FREITAS;<20;;10;4;
T249;MONOGRAFIA DO ENSINO DE QUÍMICA;LIQ.S10.2019.2;LIQ;TARDE;4;JOYCE FREITAS;<20;;5;2;
T249;MONOGRAFIA DO ENSINO DE QUÍMICA;LIQ.S10.2019.2;LIQ;TARDE;4;JOYCE FREITAS;<20;;5;4;
T249;MONOGRAFIA DO ENSINO DE QUÍMICA;LIQ.S10.2019.2;LIQ;TARDE;4;JOYCE FREITAS;<20;;6;2;
T249;MONOGRAFIA DO ENSINO DE QUÍMICA;LIQ.S10.2019.2;LIQ;TARDE;4;JOYCE FREITAS;<20;;6;4;
T250;ARTES;TIQ.S1.2020.1;TIQ;TARDE;1;JOYCE FREITAS;>20;;7;2;
T251;ARTES ;TIE.S1.2020.1;TIE;TARDE;1;JOYCE FREITAS;>20;;8;2;
T252;CONSTRUÇÃO CIVIL;EPC.S5.2019.2;EPC;MANHA;4;LETICIA MOREIRA;<20;LAB. TEC. CONSTRUTIVAS;3;1;
T252;CONSTRUÇÃO CIVIL;EPC.S5.2019.2;EPC;MANHA;4;LETICIA MOREIRA;<20;LAB. TEC. CONSTRUTIVAS;3;3;
T252;CONSTRUÇÃO CIVIL;EPC.S5.2019.2;EPC;MANHA;4;LETICIA MOREIRA;<20;LAB. TEC. CONSTRUTIVAS;4;1;
T252;CONSTRUÇÃO CIVIL;EPC.S5.2019.2;EPC;MANHA;4;LETICIA MOREIRA;<20;LAB. TEC. CONSTRUTIVAS;4;3;
T253;PROJETO HIDROSANITÁRIO;EAS.S9.2019.2/EPC.S6.2019.2;OFERTA CONJUNTA;TARDE;4;LETICIA MOREIRA;<20;LAB. CAD;5;1;
T253;PROJETO HIDROSANITÁRIO;EAS.S9.2019.2/EPC.S6.2019.2;OFERTA CONJUNTA;TARDE;4;LETICIA MOREIRA;<20;LAB. CAD;6;1;
T253;PROJETO HIDROSANITÁRIO;EAS.S9.2019.2/EPC.S6.2019.2;OFERTA CONJUNTA;TARDE;4;LETICIA MOREIRA;<20;LAB. CAD;7;3;
T253;PROJETO HIDROSANITÁRIO;EAS.S9.2019.2/EPC.S6.2019.2;OFERTA CONJUNTA;TARDE;4;LETICIA MOREIRA;<20;LAB. CAD;8;3;
T254;MATERIAIS DE CONSTRUÇÃO II;EC.S4.2019.2;EC;MANHA;4;LETICIA MOREIRA;>20;LAB. DE SOLOS E MATERIAIS;1;1;
T254;MATERIAIS DE CONSTRUÇÃO II;EC.S4.2019.2;EC;MANHA;4;LETICIA MOREIRA;>20;LAB. DE SOLOS E MATERIAIS;2;1;
T254;MATERIAIS DE CONSTRUÇÃO II;EC.S4.2019.2;EC;MANHA;4;LETICIA MOREIRA;>20;LAB. DE SOLOS E MATERIAIS;3;2;
T254;MATERIAIS DE CONSTRUÇÃO II;EC.S4.2019.2;EC;MANHA;4;LETICIA MOREIRA;>20;LAB. DE SOLOS E MATERIAIS;4;2;
T255;PROJETO HIDROSSANITÁRIO;TSE.S4.2020.1;TSE;NOITE;4;LETICIA MOREIRA;<20;LAB. CAD;11;1;
T255;PROJETO HIDROSSANITÁRIO;TSE.S4.2020.1;TSE;NOITE;4;LETICIA MOREIRA;<20;LAB. CAD;11;2;
T255;PROJETO HIDROSSANITÁRIO;TSE.S4.2020.1;TSE;NOITE;4;LETICIA MOREIRA;<20;LAB. CAD;12;1;
T255;PROJETO HIDROSSANITÁRIO;TSE.S4.2020.1;TSE;NOITE;4;LETICIA MOREIRA;<20;LAB. CAD;12;2;
T256;GESTÃO AMBIENTAL;EPC.S8.2019.2;EPC;TARDE;2;LUCAS SILVA;>20;;7;1;
T256;GESTÃO AMBIENTAL;EPC.S8.2019.2;EPC;TARDE;2;LUCAS SILVA;>20;;8;1;
T257;LEGISLAÇÃO AMBIENTAL;EAS.S6.2019.2;EAS;MANHA;2;LUCAS SILVA;<20;;3;1;
T257;LEGISLAÇÃO AMBIENTAL;EAS.S6.2019.2;EAS;MANHA;2;LUCAS SILVA;<20;;4;1;
T258;GESTÃO AMBIENTAL;EAS.S8.2019.2;EAS;MANHA;4;LUCAS SILVA;<20;;1;2;
T258;GESTÃO AMBIENTAL;EAS.S8.2019.2;EAS;MANHA;4;LUCAS SILVA;<20;;2;2;
T258;GESTÃO AMBIENTAL;EAS.S8.2019.2;EAS;MANHA;4;LUCAS SILVA;<20;;3;3;
T258;GESTÃO AMBIENTAL;EAS.S8.2019.2;EAS;MANHA;4;LUCAS SILVA;<20;;4;3;
T259;EDUCAÇÃO AMBIENTAL;LG.S6.2019.2;LG;NOITE;2;LUCAS SILVA;<20;LEEABC;11;1;
T259;EDUCAÇÃO AMBIENTAL;LG.S6.2019.2;LG;NOITE;2;LUCAS SILVA;<20;LEEABC;12;1;
T260;LEGISLAÇÃO AMBIENTAL;TMA.S2.2020.1;TMA;NOITE;2;LUCAS SILVA;>20;;9;1;
T260;LEGISLAÇÃO AMBIENTAL;TMA.S2.2020.1;TMA;NOITE;2;LUCAS SILVA;>20;;10;1;
T261;INSTALAÇÕES ELÉTRICAS PREDIAIS;EPC.S5.2019.2;EPC;MANHA;4;LUCICLÉIA CAVALCANTE;<20;;1;2;
T261;INSTALAÇÕES ELÉTRICAS PREDIAIS;EPC.S5.2019.2;EPC;MANHA;4;LUCICLÉIA CAVALCANTE;<20;;1;4;
T261;INSTALAÇÕES ELÉTRICAS PREDIAIS;EPC.S5.2019.2;EPC;MANHA;4;LUCICLÉIA CAVALCANTE;<20;;2;2;
T261;INSTALAÇÕES ELÉTRICAS PREDIAIS;EPC.S5.2019.2;EPC;MANHA;4;LUCICLÉIA CAVALCANTE;<20;;2;4;
T262;ESPECIFICAÇÕES E ORÇAMENTO;EPC.S6.2019.2;EPC;TARDE;2;LUCICLÉIA CAVALCANTE;>20;LAB. ENG. PRODUTO;5;4;
T262;ESPECIFICAÇÕES E ORÇAMENTO;EPC.S6.2019.2;EPC;TARDE;2;LUCICLÉIA CAVALCANTE;>20;LAB. ENG. PRODUTO;6;4;
T263;ESTRADAS;EPC.S9.2019.2;EPC;MANHA;4;LUCICLÉIA CAVALCANTE;<20;;3;3;
T263;ESTRADAS;EPC.S9.2019.2;EPC;MANHA;4;LUCICLÉIA CAVALCANTE;<20;;3;4;
T263;ESTRADAS;EPC.S9.2019.2;EPC;MANHA;4;LUCICLÉIA CAVALCANTE;<20;;4;3;
T263;ESTRADAS;EPC.S9.2019.2;EPC;MANHA;4;LUCICLÉIA CAVALCANTE;<20;;4;4;
T264;INTRODUCAO À ENGENHARIA CIVIL;EC.S1.2020.1;EC;TARDE;2;LUCICLÉIA CAVALCANTE;>20;;7;4;
T264;INTRODUCAO À ENGENHARIA CIVIL;EC.S1.2020.1;EC;TARDE;2;LUCICLÉIA CAVALCANTE;>20;;8;4;
T265;PROJETO ELÉTRICO;TIE.S7.2019.2;TIE;TARDE;4;LUCICLÉIA CAVALCANTE;<20;LAB. TEC. CONSTRUTIVAS;5;2;
T265;PROJETO ELÉTRICO;TIE.S7.2019.2;TIE;TARDE;4;LUCICLÉIA CAVALCANTE;<20;LAB. TEC. CONSTRUTIVAS;5;3;
T265;PROJETO ELÉTRICO;TIE.S7.2019.2;TIE;TARDE;4;LUCICLÉIA CAVALCANTE;<20;LAB. TEC. CONSTRUTIVAS;6;2;
T265;PROJETO ELÉTRICO;TIE.S7.2019.2;TIE;TARDE;4;LUCICLÉIA CAVALCANTE;<20;LAB. TEC. CONSTRUTIVAS;6;3;
T266;MICROBIOLOGIA;EAS.S4.2019.2;EAS;MANHA;4;LUIZ CARLOS;<20;LAB. MICROBIOLOGIA;1;4;
T266;MICROBIOLOGIA;EAS.S4.2019.2;EAS;MANHA;4;LUIZ CARLOS;<20;LAB. MICROBIOLOGIA;2;4;
T266;MICROBIOLOGIA;EAS.S4.2019.2;EAS;MANHA;4;LUIZ CARLOS;<20;LAB. MICROBIOLOGIA;3;3;
T266;MICROBIOLOGIA;EAS.S4.2019.2;EAS;MANHA;4;LUIZ CARLOS;<20;LAB. MICROBIOLOGIA;4;3;
T267;LIMNOLOGIA;EAS.S5.2019.2;EAS;TARDE;2;LUIZ CARLOS;<20;LAB. MICROBIOLOGIA;5;5;
T267;LIMNOLOGIA;EAS.S5.2019.2;EAS;TARDE;2;LUIZ CARLOS;<20;LAB. MICROBIOLOGIA;6;5;
T268;GESTÃO DE EFLUENTES;TMA.S4.2020.1;TMA;NOITE;4;LUIZ CARLOS;<20;;9;3;
T268;GESTÃO DE EFLUENTES;TMA.S4.2020.1;TMA;NOITE;4;LUIZ CARLOS;<20;;9;5;
T268;GESTÃO DE EFLUENTES;TMA.S4.2020.1;TMA;NOITE;4;LUIZ CARLOS;<20;;10;3;
T268;GESTÃO DE EFLUENTES;TMA.S4.2020.1;TMA;NOITE;4;LUIZ CARLOS;<20;;10;5;
T269;MICROBIOLOGIA GERAL;TSQ.S2.2020.1;TSQ;NOITE;2;LUIZ CARLOS;>20;;9;4;
T269;MICROBIOLOGIA GERAL;TSQ.S2.2020.1;TSQ;NOITE;2;LUIZ CARLOS;>20;;10;4;
T270;TRATAMENTO DE RESÍDUOS E EFLUENTES;TSQ.S2.2020.1;TSQ;NOITE;2;LUIZ CARLOS;>20;;11;4;
T270;TRATAMENTO DE RESÍDUOS E EFLUENTES;TSQ.S2.2020.1;TSQ;NOITE;2;LUIZ CARLOS;>20;;12;4;
T271;EDUCAÇÃO AMBIENTAL;EAS.S2.2020.1;EAS;MANHA;2;LUIZ CARLOS;>20;;1;5;
T271;EDUCAÇÃO AMBIENTAL;EAS.S2.2020.1;EAS;MANHA;2;LUIZ CARLOS;>20;;2;5;
T272;SISTEMA DE INFOR. GEOGRÁFICA APLICADO;EAS.S7.2019.2;EAS;TARDE;4;MAILTON ROCHA;<20;;5;3;
T272;SISTEMA DE INFOR. GEOGRÁFICA APLICADO;EAS.S7.2019.2;EAS;TARDE;4;MAILTON ROCHA;<20;;5;4;
T272;SISTEMA DE INFOR. GEOGRÁFICA APLICADO;EAS.S7.2019.2;EAS;TARDE;4;MAILTON ROCHA;<20;;6;3;
T272;SISTEMA DE INFOR. GEOGRÁFICA APLICADO;EAS.S7.2019.2;EAS;TARDE;4;MAILTON ROCHA;<20;;6;4;
T273;CARTOGRAFIA I;LG.S1.2019.2;LG;NOITE;2;MAILTON ROCHA;>20;;9;5;
T273;CARTOGRAFIA I;LG.S1.2019.2;LG;NOITE;2;MAILTON ROCHA;>20;;10;5;
T274;GEOMORFOLOGIA DO SERTÃO;LG.S6.2019.2;LG;NOITE;2;MAILTON ROCHA;<20;;11;5;
T274;GEOMORFOLOGIA DO SERTÃO;LG.S6.2019.2;LG;NOITE;2;MAILTON ROCHA;<20;;12;5;
T275;GEOPROCESSAMENTO E CARTOGRAFIA DIGITAL;LG.S7.2019.2;LG;NOITE;2;MAILTON ROCHA;<20;LAB. GEOPROCESSAMENTO;11;4;
T275;GEOPROCESSAMENTO E CARTOGRAFIA DIGITAL;LG.S7.2019.2;LG;NOITE;2;MAILTON ROCHA;<20;LAB. GEOPROCESSAMENTO;12;4;
T276;TCC I;LG.S8.2019.2;LG;NOITE;4;MAILTON ROCHA;>20;;9;3;
T276;TCC I;LG.S8.2019.2;LG;NOITE;4;MAILTON ROCHA;>20;;9;4;
T276;TCC I;LG.S8.2019.2;LG;NOITE;4;MAILTON ROCHA;>20;;10;3;
T276;TCC I;LG.S8.2019.2;LG;NOITE;4;MAILTON ROCHA;>20;;10;4;
T277;FÍSICO-QUÍMICA III;LIQ.S6.2019.2;LIQ;NOITE;2;MARCÍLIO SILVA;<20;;11;3;
T277;FÍSICO-QUÍMICA III;LIQ.S6.2019.2;LIQ;NOITE;2;MARCÍLIO SILVA;<20;;12;3;
T278;FÍSICO-QUÍMICA II;TIQ.S7.2019.2;TIQ;MANHA;2;MARCÍLIO SILVA;<20;;3;4;
T278;FÍSICO-QUÍMICA II;TIQ.S7.2019.2;TIQ;MANHA;2;MARCÍLIO SILVA;<20;;4;4;
T279;QUÍMICA III ;TIE.S3.2020.1;TIE;MANHA;2;MARCÍLIO SILVA;>20;;1;3;
T279;QUÍMICA III ;TIE.S3.2020.1;TIE;MANHA;2;MARCÍLIO SILVA;>20;;2;3;
T280;QUÍMICA IV ;TIE.S4.RETIDOS.2019.2;TIE;TARDE;2;MARCÍLIO SILVA;<20;;7;3;
T280;QUÍMICA IV ;TIE.S4.RETIDOS.2019.2;TIE;TARDE;2;MARCÍLIO SILVA;<20;;8;3;
T281;OPERAÇÕES UNITÁRIAS II;TSQ.S4.2020.1;TSQ;NOITE;4;MARCÍLIO SILVA;<20;;9;4;
T281;OPERAÇÕES UNITÁRIAS II;TSQ.S4.2020.1;TSQ;NOITE;4;MARCÍLIO SILVA;<20;;10;4;
T281;OPERAÇÕES UNITÁRIAS II;TSQ.S4.2020.1;TSQ;NOITE;4;MARCÍLIO SILVA;<20;;11;2;
T281;OPERAÇÕES UNITÁRIAS II;TSQ.S4.2020.1;TSQ;NOITE;4;MARCÍLIO SILVA;<20;;12;2;
T282;LABORATÓRIO DE FÍSICO-QUIMICA;TSQ.S4.2020.1;TSQ;NOITE;2;MARCÍLIO SILVA;<20;LAB. QUÍMICA ANALÍTICA;11;4;
T282;LABORATÓRIO DE FÍSICO-QUIMICA;TSQ.S4.2020.1;TSQ;NOITE;2;MARCÍLIO SILVA;<20;LAB. QUÍMICA ANALÍTICA;12;4;
T283;OPERAÇÕES UNITÁRIAS II;TIQ.S8.RETIDOS.2019.2;TIQ;TARDE;4;MARCÍLIO SILVA;<20;;5;3;
T283;OPERAÇÕES UNITÁRIAS II;TIQ.S8.RETIDOS.2019.2;TIQ;TARDE;4;MARCÍLIO SILVA;<20;;6;3;
T283;OPERAÇÕES UNITÁRIAS II;TIQ.S8.RETIDOS.2019.2;TIQ;TARDE;4;MARCÍLIO SILVA;<20;;7;2;
T283;OPERAÇÕES UNITÁRIAS II;TIQ.S8.RETIDOS.2019.2;TIQ;TARDE;4;MARCÍLIO SILVA;<20;;8;2;
T284;RESISTÊNCIA DOS MATERIAIS;EPC.S4.2019.2;EPC;TARDE;4;MARCELO MEIRELES;<20;;7;3;
T284;RESISTÊNCIA DOS MATERIAIS;EPC.S4.2019.2;EPC;TARDE;4;MARCELO MEIRELES;<20;;7;5;
T284;RESISTÊNCIA DOS MATERIAIS;EPC.S4.2019.2;EPC;TARDE;4;MARCELO MEIRELES;<20;;8;3;
T284;RESISTÊNCIA DOS MATERIAIS;EPC.S4.2019.2;EPC;TARDE;4;MARCELO MEIRELES;<20;;8;5;
T285;ESTÁTICA DAS CONSTRUÇÕES;EPC.S5.2019.2;EPC;MANHA;4;MARCELO MEIRELES;<20;;1;5;
T285;ESTÁTICA DAS CONSTRUÇÕES;EPC.S5.2019.2;EPC;MANHA;4;MARCELO MEIRELES;<20;;2;5;
T285;ESTÁTICA DAS CONSTRUÇÕES;EPC.S5.2019.2;EPC;MANHA;4;MARCELO MEIRELES;<20;;3;4;
T285;ESTÁTICA DAS CONSTRUÇÕES;EPC.S5.2019.2;EPC;MANHA;4;MARCELO MEIRELES;<20;;4;4;
T286;MECÂNICA GERAL II;EC.S4.2019.2;EC;MANHA;4;MARCELO MEIRELES;>20;;1;3;
T286;MECÂNICA GERAL II;EC.S4.2019.2;EC;MANHA;4;MARCELO MEIRELES;>20;;1;4;
T286;MECÂNICA GERAL II;EC.S4.2019.2;EC;MANHA;4;MARCELO MEIRELES;>20;;2;3;
T286;MECÂNICA GERAL II;EC.S4.2019.2;EC;MANHA;4;MARCELO MEIRELES;>20;;2;4;
T287;FÍSICA II;EPC.S3.2020.1;EPC;TARDE;4;MARCUS VINÍCIUS;<20;;5;3;
T287;FÍSICA II;EPC.S3.2020.1;EPC;TARDE;4;MARCUS VINÍCIUS;<20;;6;3;
T287;FÍSICA II;EPC.S3.2020.1;EPC;TARDE;4;MARCUS VINÍCIUS;<20;;7;1;
T287;FÍSICA II;EPC.S3.2020.1;EPC;TARDE;4;MARCUS VINÍCIUS;<20;;8;1;
T288;FÍSICA I;EAS.S2.2020.1;EAS;MANHA;4;MARCUS VINÍCIUS;<20;;3;1;
T288;FÍSICA I;EAS.S2.2020.1;EAS;MANHA;4;MARCUS VINÍCIUS;<20;;3;2;
T288;FÍSICA I;EAS.S2.2020.1;EAS;MANHA;4;MARCUS VINÍCIUS;<20;;4;1;
T288;FÍSICA I;EAS.S2.2020.1;EAS;MANHA;4;MARCUS VINÍCIUS;<20;;4;2;
T289;FÍSICA GERAL I;LIQ.S3.2019.2;LIQ;NOITE;4;MARCUS VINÍCIUS;<20;;9;1;
T289;FÍSICA GERAL I;LIQ.S3.2019.2;LIQ;NOITE;4;MARCUS VINÍCIUS;<20;;10;1;
T289;FÍSICA GERAL I;LIQ.S3.2019.2;LIQ;NOITE;4;MARCUS VINÍCIUS;<20;;11;2;
T289;FÍSICA GERAL I;LIQ.S3.2019.2;LIQ;NOITE;4;MARCUS VINÍCIUS;<20;;12;2;
T290;FÍSICA I;TIQ.S1.2020.1;TIQ;TARDE;4;MARCUS VINÍCIUS;>20;;5;1;
T290;FÍSICA I;TIQ.S1.2020.1;TIQ;TARDE;4;MARCUS VINÍCIUS;>20;;5;2;
T290;FÍSICA I;TIQ.S1.2020.1;TIQ;TARDE;4;MARCUS VINÍCIUS;>20;;6;1;
T290;FÍSICA I;TIQ.S1.2020.1;TIQ;TARDE;4;MARCUS VINÍCIUS;>20;;6;2;
T291;PSICOLOGIA DA APRENDIZAGEM;LIQ.S3.2019.2;LIQ;NOITE;4;MARIA CLEIDIANE;<20;;11;3;
T291;PSICOLOGIA DA APRENDIZAGEM;LIQ.S3.2019.2;LIQ;NOITE;4;MARIA CLEIDIANE;<20;;11;4;
T291;PSICOLOGIA DA APRENDIZAGEM;LIQ.S3.2019.2;LIQ;NOITE;4;MARIA CLEIDIANE;<20;;12;3;
T291;PSICOLOGIA DA APRENDIZAGEM;LIQ.S3.2019.2;LIQ;NOITE;4;MARIA CLEIDIANE;<20;;12;4;
T292;POLÍTICA EDUCACIONAL;LIQ.S5.2019.2;LIQ;MANHA;4;MARIA CLEIDIANE;<20;;1;3;
T292;POLÍTICA EDUCACIONAL;LIQ.S5.2019.2;LIQ;MANHA;4;MARIA CLEIDIANE;<20;;1;4;
T292;POLÍTICA EDUCACIONAL;LIQ.S5.2019.2;LIQ;MANHA;4;MARIA CLEIDIANE;<20;;2;3;
T292;POLÍTICA EDUCACIONAL;LIQ.S5.2019.2;LIQ;MANHA;4;MARIA CLEIDIANE;<20;;2;4;
T293;PSICOLOGIA DA APRENDIZAGEM;LG.S3.2019.2;LG;NOITE;4;MARIA CLEIDIANE;<20;;9;3;
T293;PSICOLOGIA DA APRENDIZAGEM;LG.S3.2019.2;LG;NOITE;4;MARIA CLEIDIANE;<20;;10;3;
T293;PSICOLOGIA DA APRENDIZAGEM;LG.S3.2019.2;LG;NOITE;4;MARIA CLEIDIANE;<20;;11;2;
T293;PSICOLOGIA DA APRENDIZAGEM;LG.S3.2019.2;LG;NOITE;4;MARIA CLEIDIANE;<20;;12;2;
T294;CURRÍCULOS E PROGRAMAS ;LIQ.S6.2019.2/LG.S6.2019.2;OFERTA CONJUNTA;NOITE;4;MARIA CLEIDIANE;>20;;9;2;
T294;CURRÍCULOS E PROGRAMAS ;LIQ.S6.2019.2/LG.S6.2019.2;OFERTA CONJUNTA;NOITE;4;MARIA CLEIDIANE;>20;;9;4;
T294;CURRÍCULOS E PROGRAMAS ;LIQ.S6.2019.2/LG.S6.2019.2;OFERTA CONJUNTA;NOITE;4;MARIA CLEIDIANE;>20;;10;2;
T294;CURRÍCULOS E PROGRAMAS ;LIQ.S6.2019.2/LG.S6.2019.2;OFERTA CONJUNTA;NOITE;4;MARIA CLEIDIANE;>20;;10;4;
T295;QUÍMICA ANALÍTICA;EAS.S4.2019.2;EAS;MANHA;4;MAYARA OLIVEIRA;>20;LAB. QUÍMICA ANALÍTICA;1;1;
T295;QUÍMICA ANALÍTICA;EAS.S4.2019.2;EAS;MANHA;4;MAYARA OLIVEIRA;>20;LAB. QUÍMICA ANALÍTICA;1;3;
T295;QUÍMICA ANALÍTICA;EAS.S4.2019.2;EAS;MANHA;4;MAYARA OLIVEIRA;>20;LAB. QUÍMICA ANALÍTICA;2;1;
T295;QUÍMICA ANALÍTICA;EAS.S4.2019.2;EAS;MANHA;4;MAYARA OLIVEIRA;>20;LAB. QUÍMICA ANALÍTICA;2;3;
T296;QUÍMICA ANALÍTICA II;LIQ.S6.2019.2;LIQ;NOITE;4;MAYARA OLIVEIRA;<20;;9;1;
T296;QUÍMICA ANALÍTICA II;LIQ.S6.2019.2;LIQ;NOITE;4;MAYARA OLIVEIRA;<20;;10;1;
T296;QUÍMICA ANALÍTICA II;LIQ.S6.2019.2;LIQ;NOITE;4;MAYARA OLIVEIRA;<20;;11;2;
T296;QUÍMICA ANALÍTICA II;LIQ.S6.2019.2;LIQ;NOITE;4;MAYARA OLIVEIRA;<20;;12;2;
T297;LABORATÓRIO DE QUÍMICA ANALÍTICA;LIQ.S6.2019.2;LIQ;NOITE;4;MAYARA OLIVEIRA;<20;LAB. QUÍMICA ANALÍTICA;9;3;
T297;LABORATÓRIO DE QUÍMICA ANALÍTICA;LIQ.S6.2019.2;LIQ;NOITE;4;MAYARA OLIVEIRA;<20;LAB. QUÍMICA ANALÍTICA;10;3;
T297;LABORATÓRIO DE QUÍMICA ANALÍTICA;LIQ.S6.2019.2;LIQ;NOITE;4;MAYARA OLIVEIRA;<20;LAB. QUÍMICA ANALÍTICA;11;1;
T297;LABORATÓRIO DE QUÍMICA ANALÍTICA;LIQ.S6.2019.2;LIQ;NOITE;4;MAYARA OLIVEIRA;<20;LAB. QUÍMICA ANALÍTICA;12;1;
T298;QUÍMICA ANALÍTICA;TMA.S2.2020.1;TMA;NOITE;2;MAYARA OLIVEIRA;<20;;9;2;
T298;QUÍMICA ANALÍTICA;TMA.S2.2020.1;TMA;NOITE;2;MAYARA OLIVEIRA;<20;;10;2;
T299;ANÁLISE INSTRUMENTAL;TIQ.S7.2019.2;TIQ;MANHA;4;MAYARA OLIVEIRA;<20;;1;2;
T299;ANÁLISE INSTRUMENTAL;TIQ.S7.2019.2;TIQ;MANHA;4;MAYARA OLIVEIRA;<20;;2;2;
T299;ANÁLISE INSTRUMENTAL;TIQ.S7.2019.2;TIQ;MANHA;4;MAYARA OLIVEIRA;<20;;3;3;
T299;ANÁLISE INSTRUMENTAL;TIQ.S7.2019.2;TIQ;MANHA;4;MAYARA OLIVEIRA;<20;;4;3;
T300;INTRODUÇÃO À ADMINISTRAÇÃO;EPC.S1.2020.1;EPC;MANHA;2;NATÁLIA DUARTE;>20;;3;3;
T300;INTRODUÇÃO À ADMINISTRAÇÃO;EPC.S1.2020.1;EPC;MANHA;2;NATÁLIA DUARTE;>20;;4;3;
T301;ADM. DA PRODUÇÃO E OPERAÇÕES II;EPC.S6.2019.2;EPC;TARDE;2;NATÁLIA DUARTE;<20;;7;1;
T301;ADM. DA PRODUÇÃO E OPERAÇÕES II;EPC.S6.2019.2;EPC;TARDE;2;NATÁLIA DUARTE;<20;;8;1;
T302;LOGÍSTICA EMPRESARIAL;EPC.S7.2019.2;EPC;MANHA;4;NATÁLIA DUARTE;<20;;3;1;
T302;LOGÍSTICA EMPRESARIAL;EPC.S7.2019.2;EPC;MANHA;4;NATÁLIA DUARTE;<20;;3;2;
T302;LOGÍSTICA EMPRESARIAL;EPC.S7.2019.2;EPC;MANHA;4;NATÁLIA DUARTE;<20;;4;1;
T302;LOGÍSTICA EMPRESARIAL;EPC.S7.2019.2;EPC;MANHA;4;NATÁLIA DUARTE;<20;;4;2;
T303;GESTÃO DA CADEIA DE SUPRIMENTOS;EPC.S9.2019.2;EPC;MANHA;2;NATÁLIA DUARTE;<20;;1;1;
T303;GESTÃO DA CADEIA DE SUPRIMENTOS;EPC.S9.2019.2;EPC;MANHA;2;NATÁLIA DUARTE;<20;;2;1;
T304;GESTÃO DA INOVAÇÃO;EPC.S10.2019.2;EPC;MANHA;2;NATÁLIA DUARTE;>20;;1;2;
T304;GESTÃO DA INOVAÇÃO;EPC.S10.2019.2;EPC;MANHA;2;NATÁLIA DUARTE;>20;;2;2;
T305;EMPREENDEDORISMO;TIQ.S5.2020.1;TIQ;TARDE;2;NATÁLIA DUARTE;>20;;5;3;
T305;EMPREENDEDORISMO;TIQ.S5.2020.1;TIQ;TARDE;2;NATÁLIA DUARTE;>20;;6;3;
T306;ESTÁGIO SUPERVISIONADO;EPC.S8.2019.2;EPC;TARDE;2;NATÁLIA DUARTE;<20;;5;2;
T306;ESTÁGIO SUPERVISIONADO;EPC.S8.2019.2;EPC;TARDE;2;NATÁLIA DUARTE;<20;;6;2;
T307;INGLÊS INSTRUMENTAL;EAS.S1.2020.1;EAS;TARDE;2;NICOLAI DIANIM;>20;;7;1;
T307;INGLÊS INSTRUMENTAL;EAS.S1.2020.1;EAS;TARDE;2;NICOLAI DIANIM;>20;;8;1;
T308;INGLÊS INSTRUMENTAL;LIQ.S2.2020.1;LIQ;MANHA;2;NICOLAI DIANIM;>20;;3;2;
T308;INGLÊS INSTRUMENTAL;LIQ.S2.2020.1;LIQ;MANHA;2;NICOLAI DIANIM;>20;;4;2;
T309;INGLÊS INSTRUMENTAL II;LIQ.S10.2019.2;LIQ;TARDE;2;NICOLAI DIANIM;<20;;7;2;
T309;INGLÊS INSTRUMENTAL II;LIQ.S10.2019.2;LIQ;TARDE;2;NICOLAI DIANIM;<20;;8;2;
T310;INGLÊS INSTRUMENTAL;LG.S6.2019.2;LG;NOITE;2;NICOLAI DIANIM;<20;;9;1;
T310;INGLÊS INSTRUMENTAL;LG.S6.2019.2;LG;NOITE;2;NICOLAI DIANIM;<20;;10;1;
T311;INGLÊS BÁSICO;TIQ.S7.2019.2;TIQ;TARDE;2;NICOLAI DIANIM;<20;;5;1;
T311;INGLÊS BÁSICO;TIQ.S7.2019.2;TIQ;TARDE;2;NICOLAI DIANIM;<20;;6;1;
T312;INGLÊS BÁSICO ;TIE.S5.2020.1;TIE;MANHA;2;NICOLAI DIANIM;>20;LAB. LÍNGUAS;1;1;
T312;INGLÊS BÁSICO ;TIE.S5.2020.1;TIE;MANHA;2;NICOLAI DIANIM;>20;LAB. LÍNGUAS;2;1;
T313;TOPOGRAFIA;EAS.S4.2019.2/EPC.S3.2019.2;OFERTA CONJUNTA;MANHA;4;PAULA OLIVEIRA;<20;;3;4;
T313;TOPOGRAFIA;EAS.S4.2019.2/EPC.S3.2019.2;OFERTA CONJUNTA;MANHA;4;PAULA OLIVEIRA;<20;;3;5;
T313;TOPOGRAFIA;EAS.S4.2019.2/EPC.S3.2019.2;OFERTA CONJUNTA;MANHA;4;PAULA OLIVEIRA;<20;;4;4;
T313;TOPOGRAFIA;EAS.S4.2019.2/EPC.S3.2019.2;OFERTA CONJUNTA;MANHA;4;PAULA OLIVEIRA;<20;;4;5;
T314;TOPOGRAFIA;EPC.S3.2020.1;EPC;TARDE;4;PAULA OLIVEIRA;>20;;5;4;
T314;TOPOGRAFIA;EPC.S3.2020.1;EPC;TARDE;4;PAULA OLIVEIRA;>20;;6;4;
T314;TOPOGRAFIA;EPC.S3.2020.1;EPC;TARDE;4;PAULA OLIVEIRA;>20;;7;5;
T314;TOPOGRAFIA;EPC.S3.2020.1;EPC;TARDE;4;PAULA OLIVEIRA;>20;;8;5;
T315;HIGIENE E SEGURANÇA DO TRABALHO;EAS.S7.2019.2/EPC.S7.2019.2;OFERTA CONJUNTA;MANHA;2;PAULA OLIVEIRA;>20;;1;3;
T315;HIGIENE E SEGURANÇA DO TRABALHO;EAS.S7.2019.2/EPC.S7.2019.2;OFERTA CONJUNTA;MANHA;2;PAULA OLIVEIRA;>20;;2;3;
T316;HIGIENE E SEGURANÇA DO TRABALHO (HST);EC.S4.2019.2;EC;MANHA;2;PAULA OLIVEIRA;>20;;1;5;
T316;HIGIENE E SEGURANÇA DO TRABALHO (HST);EC.S4.2019.2;EC;MANHA;2;PAULA OLIVEIRA;>20;;2;5;
T317;TOPOGRAFIA (OFERTA CONJUNTA);TSE.S3.2019.2;TSE;NOITE;2;PAULA OLIVEIRA;<20;;9;5;
T317;TOPOGRAFIA (OFERTA CONJUNTA);TSE.S3.2019.2;TSE;NOITE;2;PAULA OLIVEIRA;<20;;10;5;
T318;LOCAÇÃO TOPOGRÁFICA ;TIE.S7.2019.2;TIE;TARDE;2;PAULA OLIVEIRA;<20;;5;5;
T318;LOCAÇÃO TOPOGRÁFICA ;TIE.S7.2019.2;TIE;TARDE;2;PAULA OLIVEIRA;<20;;6;5;
T319;HIGIENE E SEGURANÇA DO TRABALHO ;TIE.S7.2019.2;TIE;TARDE;2;PAULA OLIVEIRA;<20;;7;4;
T319;HIGIENE E SEGURANÇA DO TRABALHO ;TIE.S7.2019.2;TIE;TARDE;2;PAULA OLIVEIRA;<20;;8;4;
T320;HIGIENE E SEGURANÇA NO TRABALHO;TSE.S3.2019.2/TMA.S4.2020.1/TSQ.S2.2020.1;OFERTA CONJUNTA;NOITE;2;PAULA OLIVEIRA;<20;;11;5;
T320;HIGIENE E SEGURANÇA NO TRABALHO;TSE.S3.2019.2/TMA.S4.2020.1/TSQ.S2.2020.1;OFERTA CONJUNTA;NOITE;2;PAULA OLIVEIRA;<20;;12;5;
T321;GERENCIAMENTO DE OBRAS;EPC.S6.2019.2;EPC;TARDE;4;PAULO ROGÉRIO;<20;;5;3;
T321;GERENCIAMENTO DE OBRAS;EPC.S6.2019.2;EPC;TARDE;4;PAULO ROGÉRIO;<20;;6;3;
T321;GERENCIAMENTO DE OBRAS;EPC.S6.2019.2;EPC;TARDE;4;PAULO ROGÉRIO;<20;;7;2;
T321;GERENCIAMENTO DE OBRAS;EPC.S6.2019.2;EPC;TARDE;4;PAULO ROGÉRIO;<20;;8;2;
T322;TÉCNICAS DA CONSTRUÇÃO (TECCONS);TSE.S3.2019.2;TSE;NOITE;4;PAULO ROGÉRIO;<20;LAB. TEC. CONSTRUTIVAS;9;1;
T322;TÉCNICAS DA CONSTRUÇÃO (TECCONS);TSE.S3.2019.2;TSE;NOITE;4;PAULO ROGÉRIO;<20;LAB. TEC. CONSTRUTIVAS;10;1;
T322;TÉCNICAS DA CONSTRUÇÃO (TECCONS);TSE.S3.2019.2;TSE;NOITE;4;PAULO ROGÉRIO;<20;LAB. TEC. CONSTRUTIVAS;11;2;
T322;TÉCNICAS DA CONSTRUÇÃO (TECCONS);TSE.S3.2019.2;TSE;NOITE;4;PAULO ROGÉRIO;<20;LAB. TEC. CONSTRUTIVAS;12;2;
T323;ESPECIFICAÇÕES E ORÇAMENTOS;TSE.S4.2020.1;TSE;NOITE;2;PAULO ROGÉRIO;<20;LAB. LÍNGUAS;9;2;
T323;ESPECIFICAÇÕES E ORÇAMENTOS;TSE.S4.2020.1;TSE;NOITE;2;PAULO ROGÉRIO;<20;LAB. LÍNGUAS;10;2;
T324;RESISTÊNCIA DOS MATERIAIS II ;TIE.S7.2019.2;TIE;TARDE;2;PAULO ROGÉRIO;<20;;5;1;
T324;RESISTÊNCIA DOS MATERIAIS II ;TIE.S7.2019.2;TIE;TARDE;2;PAULO ROGÉRIO;<20;;6;1;
T325;RESISTÊNCIA DOS MATERIAIS II ;TIE.S7.2019.2;TIE;TARDE;4;PAULO ROGÉRIO;<20;;7;1;
T325;RESISTÊNCIA DOS MATERIAIS II ;TIE.S7.2019.2;TIE;TARDE;4;PAULO ROGÉRIO;<20;;7;3;
T325;RESISTÊNCIA DOS MATERIAIS II ;TIE.S7.2019.2;TIE;TARDE;4;PAULO ROGÉRIO;<20;;8;1;
T325;RESISTÊNCIA DOS MATERIAIS II ;TIE.S7.2019.2;TIE;TARDE;4;PAULO ROGÉRIO;<20;;8;3;
T326;FÍSICA II;EPC.S3.2019.2;EPC;MANHA;4;PRISCILLA MAIA;<20;;1;1;
T326;FÍSICA II;EPC.S3.2019.2;EPC;MANHA;4;PRISCILLA MAIA;<20;;2;1;
T326;FÍSICA II;EPC.S3.2019.2;EPC;MANHA;4;PRISCILLA MAIA;<20;;3;3;
T326;FÍSICA II;EPC.S3.2019.2;EPC;MANHA;4;PRISCILLA MAIA;<20;;4;3;
T327;FÍSICA II ;EC.S3.2019.2;EC;TARDE;4;PRISCILLA MAIA;<20;;5;1;
T327;FÍSICA II ;EC.S3.2019.2;EC;TARDE;4;PRISCILLA MAIA;<20;;6;1;
T327;FÍSICA II ;EC.S3.2019.2;EC;TARDE;4;PRISCILLA MAIA;<20;;7;3;
T327;FÍSICA II ;EC.S3.2019.2;EC;TARDE;4;PRISCILLA MAIA;<20;;8;3;
T328;FÍSICA III;EAS.S4.2019.2;EAS;MANHA;4;PRISCILLA MAIA;<20;;3;1;
T328;FÍSICA III;EAS.S4.2019.2;EAS;MANHA;4;PRISCILLA MAIA;<20;;3;2;
T328;FÍSICA III;EAS.S4.2019.2;EAS;MANHA;4;PRISCILLA MAIA;<20;;4;1;
T328;FÍSICA III;EAS.S4.2019.2;EAS;MANHA;4;PRISCILLA MAIA;<20;;4;2;
T329;FÍSICA III;TIQ.S3.2020.1;TIQ;TARDE;2;PRISCILLA MAIA;>20;;5;2;
T329;FÍSICA III;TIQ.S3.2020.1;TIQ;TARDE;2;PRISCILLA MAIA;>20;;6;2;
T330;FÍSICA III;TIQ.S3.2020.1;TIQ;TARDE;1;PRISCILLA MAIA;>20;;5;3;
T331;FÍSICA IV ;TIE.S4.RETIDOS.2019.2;TIE;TARDE;2;PRISCILLA MAIA;<20;;7;2;
T331;FÍSICA IV ;TIE.S4.RETIDOS.2019.2;TIE;TARDE;2;PRISCILLA MAIA;<20;;8;2;
T332;FÍSICA IV ;TIE.S4.RETIDOS.2019.2;TIE;TARDE;1;PRISCILLA MAIA;<20;;6;3;
T333;GESTÃO DA TECNOLOGIA DA INFORMAÇÃO;EPC.S9.2019.2;EPC;MANHA;4;RÔMULO FRUTUOSO;<20;;1;4;
T333;GESTÃO DA TECNOLOGIA DA INFORMAÇÃO;EPC.S9.2019.2;EPC;MANHA;4;RÔMULO FRUTUOSO;<20;;2;4;
T333;GESTÃO DA TECNOLOGIA DA INFORMAÇÃO;EPC.S9.2019.2;EPC;MANHA;4;RÔMULO FRUTUOSO;<20;;3;5;
T333;GESTÃO DA TECNOLOGIA DA INFORMAÇÃO;EPC.S9.2019.2;EPC;MANHA;4;RÔMULO FRUTUOSO;<20;;4;5;
T334;ALGORITMOS E LÓGICA DE PROGRAMAÇÃO;EC.S1.2020.1;EC;TARDE;4;RÔMULO FRUTUOSO;>20;;5;4;
T334;ALGORITMOS E LÓGICA DE PROGRAMAÇÃO;EC.S1.2020.1;EC;TARDE;4;RÔMULO FRUTUOSO;>20;;5;5;
T334;ALGORITMOS E LÓGICA DE PROGRAMAÇÃO;EC.S1.2020.1;EC;TARDE;4;RÔMULO FRUTUOSO;>20;;6;4;
T334;ALGORITMOS E LÓGICA DE PROGRAMAÇÃO;EC.S1.2020.1;EC;TARDE;4;RÔMULO FRUTUOSO;>20;;6;5;
T335;PROGRAMAÇÃO APLICADA À ENGENHARIA;EAS.S3.2019.2;EAS;TARDE;2;RÔMULO FRUTUOSO;>20;;7;5;
T335;PROGRAMAÇÃO APLICADA À ENGENHARIA;EAS.S3.2019.2;EAS;TARDE;2;RÔMULO FRUTUOSO;>20;;8;5;
T336;INFORMÁTICA APLICADA AO ENSINO;LIQ.S7.2019.2;LIQ;NOITE;2;RÔMULO FRUTUOSO;<20;LAB. GEOPROCESSAMENTO;9;4;
T336;INFORMÁTICA APLICADA AO ENSINO;LIQ.S7.2019.2;LIQ;NOITE;2;RÔMULO FRUTUOSO;<20;LAB. GEOPROCESSAMENTO;10;4;
T337;INFORMÁTICA APLICADA AO ENSINO;LG.S3.2019.2;LG;NOITE;2;RÔMULO FRUTUOSO;>20;LAB. CAD;11;5;
T337;INFORMÁTICA APLICADA AO ENSINO;LG.S3.2019.2;LG;NOITE;2;RÔMULO FRUTUOSO;>20;LAB. CAD;12;5;
T338;INFORMÁTICA APLICADA;TMA.S1.2020.1;TMA;NOITE;2;RÔMULO FRUTUOSO;>20;LAB. LÍNGUAS;11;3;
T338;INFORMÁTICA APLICADA;TMA.S1.2020.1;TMA;NOITE;2;RÔMULO FRUTUOSO;>20;LAB. LÍNGUAS;12;3;
T339;INFORMÁTICA APLICADA;TIQ.S3.2020.1;TIQ;MANHA;2;RÔMULO FRUTUOSO;>20;LAB. GEOPROCESSAMENTO;1;3;
T339;INFORMÁTICA APLICADA;TIQ.S3.2020.1;TIQ;MANHA;2;RÔMULO FRUTUOSO;>20;LAB. GEOPROCESSAMENTO;2;3;
T340;INFORMÁTICA BÁSICA ;TIE.S1.2020.1;TIE;TARDE;2;RÔMULO FRUTUOSO;>20;LAB. LÍNGUAS;7;4;
T340;INFORMÁTICA BÁSICA ;TIE.S1.2020.1;TIE;TARDE;2;RÔMULO FRUTUOSO;>20;LAB. LÍNGUAS;8;4;
T341;QUÍMICA ANALÍTICA I;LIQ.S5.2019.2;LIQ;MANHA;4;RAFAEL PORTELA;<20;;1;1;
T341;QUÍMICA ANALÍTICA I;LIQ.S5.2019.2;LIQ;MANHA;4;RAFAEL PORTELA;<20;;2;1;
T341;QUÍMICA ANALÍTICA I;LIQ.S5.2019.2;LIQ;MANHA;4;RAFAEL PORTELA;<20;;3;2;
T341;QUÍMICA ANALÍTICA I;LIQ.S5.2019.2;LIQ;MANHA;4;RAFAEL PORTELA;<20;;4;2;
T342;QUÍMICA ANALÍTICA QUANTITATIVA I;TIQ.S5.2020.1;TIQ;TARDE;4;RAFAEL PORTELA;>20;;5;2;
T342;QUÍMICA ANALÍTICA QUANTITATIVA I;TIQ.S5.2020.1;TIQ;TARDE;4;RAFAEL PORTELA;>20;;6;2;
T342;QUÍMICA ANALÍTICA QUANTITATIVA I;TIQ.S5.2020.1;TIQ;TARDE;4;RAFAEL PORTELA;>20;;7;3;
T342;QUÍMICA ANALÍTICA QUANTITATIVA I;TIQ.S5.2020.1;TIQ;TARDE;4;RAFAEL PORTELA;>20;;8;3;
T343;ANÁLISE INSTRUMENTAL;TSQ.S4.2020.1;TSQ;NOITE;4;RAFAEL PORTELA;<20;;9;3;
T343;ANÁLISE INSTRUMENTAL;TSQ.S4.2020.1;TSQ;NOITE;4;RAFAEL PORTELA;<20;;10;3;
T343;ANÁLISE INSTRUMENTAL;TSQ.S4.2020.1;TSQ;NOITE;4;RAFAEL PORTELA;<20;;11;1;
T343;ANÁLISE INSTRUMENTAL;TSQ.S4.2020.1;TSQ;NOITE;4;RAFAEL PORTELA;<20;;12;1;
T344;LABORATÓRIO DE QUÍMICA ANALÍTICA;TSQ.S4.2020.1;TSQ;NOITE;4;RAFAEL PORTELA;<20;LAB. QUÍMICA ANALÍTICA;9;1;
T344;LABORATÓRIO DE QUÍMICA ANALÍTICA;TSQ.S4.2020.1;TSQ;NOITE;4;RAFAEL PORTELA;<20;LAB. QUÍMICA ANALÍTICA;10;1;
T344;LABORATÓRIO DE QUÍMICA ANALÍTICA;TSQ.S4.2020.1;TSQ;NOITE;4;RAFAEL PORTELA;<20;LAB. QUÍMICA ANALÍTICA;11;3;
T344;LABORATÓRIO DE QUÍMICA ANALÍTICA;TSQ.S4.2020.1;TSQ;NOITE;4;RAFAEL PORTELA;<20;LAB. QUÍMICA ANALÍTICA;12;3;
T345;DESENHO TÉCNICO;EPC.S1.2020.1;EPC;MANHA;2;RAIANNY QUEIROZ;>20;LAB. DESENHO TÉCNICO;1;5;
T345;DESENHO TÉCNICO;EPC.S1.2020.1;EPC;MANHA;2;RAIANNY QUEIROZ;>20;LAB. DESENHO TÉCNICO;2;5;
T346;DESENHO TÉCNICO;EAS.S1.2020.1;EAS;TARDE;2;RAIANNY QUEIROZ;<20;LAB. CAD;7;4;
T346;DESENHO TÉCNICO;EAS.S1.2020.1;EAS;TARDE;2;RAIANNY QUEIROZ;<20;LAB. CAD;8;4;
T347;PROJETO ARQUITETÔNICO II;TSE.S4.2020.1;TSE;NOITE;4;RAIANNY QUEIROZ;<20;LAB. GEOPROCESSAMENTO;9;3;
T347;PROJETO ARQUITETÔNICO II;TSE.S4.2020.1;TSE;NOITE;4;RAIANNY QUEIROZ;<20;LAB. GEOPROCESSAMENTO;9;5;
T347;PROJETO ARQUITETÔNICO II;TSE.S4.2020.1;TSE;NOITE;4;RAIANNY QUEIROZ;<20;LAB. GEOPROCESSAMENTO;10;3;
T347;PROJETO ARQUITETÔNICO II;TSE.S4.2020.1;TSE;NOITE;4;RAIANNY QUEIROZ;<20;LAB. GEOPROCESSAMENTO;10;5;
T348;DESENHO TÉCNICO;TMA.S1.2020.1;TMA;NOITE;2;RAIANNY QUEIROZ;>20;LAB. DESENHO TÉCNICO;11;5;
T348;DESENHO TÉCNICO;TMA.S1.2020.1;TMA;NOITE;2;RAIANNY QUEIROZ;>20;LAB. DESENHO TÉCNICO;12;5;
T349;DESENHO ASSISTIDO POR COMPUTADOR;TMA.S2.2020.1;TMA;NOITE;2;RAIANNY QUEIROZ;<20;LAB. CAD;11;3;
T349;DESENHO ASSISTIDO POR COMPUTADOR;TMA.S2.2020.1;TMA;NOITE;2;RAIANNY QUEIROZ;<20;LAB. CAD;12;3;
T350;DESENHO BÁSICO;TIQ.S5.2020.1;TIQ;TARDE;2;RAIANNY QUEIROZ;>20;LAB. DESENHO TÉCNICO;7;5;
T350;DESENHO BÁSICO;TIQ.S5.2020.1;TIQ;TARDE;2;RAIANNY QUEIROZ;>20;LAB. DESENHO TÉCNICO;8;5;
T351;DESENHO TÉCNICO ;TIE.S3.2020.1;TIE;TARDE;2;RAIANNY QUEIROZ;<20;LAB. DESENHO TÉCNICO;5;5;
T351;DESENHO TÉCNICO ;TIE.S3.2020.1;TIE;TARDE;2;RAIANNY QUEIROZ;<20;LAB. DESENHO TÉCNICO;6;5;
T352;TERMODINÂMICA APLICADA;EAS.S5.2019.2;EAS;TARDE;4;REGIS NOGUEIRA;<20;;7;2;
T352;TERMODINÂMICA APLICADA;EAS.S5.2019.2;EAS;TARDE;4;REGIS NOGUEIRA;<20;;7;3;
T352;TERMODINÂMICA APLICADA;EAS.S5.2019.2;EAS;TARDE;4;REGIS NOGUEIRA;<20;;8;2;
T352;TERMODINÂMICA APLICADA;EAS.S5.2019.2;EAS;TARDE;4;REGIS NOGUEIRA;<20;;8;3;
T353;FÍSICO-QUÍMICA I;LIQ.S4.2019.2;LIQ;MANHA;4;REGIS NOGUEIRA;<20;;1;3;
T353;FÍSICO-QUÍMICA I;LIQ.S4.2019.2;LIQ;MANHA;4;REGIS NOGUEIRA;<20;;2;3;
T353;FÍSICO-QUÍMICA I;LIQ.S4.2019.2;LIQ;MANHA;4;REGIS NOGUEIRA;<20;;3;1;
T353;FÍSICO-QUÍMICA I;LIQ.S4.2019.2;LIQ;MANHA;4;REGIS NOGUEIRA;<20;;4;1;
T354;LABORATÓRIO DE FÍSICO-QUÍMICA;LIQ.S8.2019.2;LIQ;NOITE;2;REGIS NOGUEIRA;<20;LAB. QUÍMICA MATERIAIS;9;1;
T354;LABORATÓRIO DE FÍSICO-QUÍMICA;LIQ.S8.2019.2;LIQ;NOITE;2;REGIS NOGUEIRA;<20;LAB. QUÍMICA MATERIAIS;10;1;
T355;QUÍMICA GERAL II;TIQ.S2.RETIDOS.2020.1;TIQ;MANHA;4;REGIS NOGUEIRA;<20;;1;2;
T355;QUÍMICA GERAL II;TIQ.S2.RETIDOS.2020.1;TIQ;MANHA;4;REGIS NOGUEIRA;<20;;2;2;
T355;QUÍMICA GERAL II;TIQ.S2.RETIDOS.2020.1;TIQ;MANHA;4;REGIS NOGUEIRA;<20;;3;3;
T355;QUÍMICA GERAL II;TIQ.S2.RETIDOS.2020.1;TIQ;MANHA;4;REGIS NOGUEIRA;<20;;4;3;
T356;TERMODINÂMICA APLICADA;TIQ.S7.2019.2;TIQ;MANHA;2;REGIS NOGUEIRA;<20;;1;1;
T356;TERMODINÂMICA APLICADA;TIQ.S7.2019.2;TIQ;MANHA;2;REGIS NOGUEIRA;<20;;2;1;
T357;FÍSICO-QUÍMICA;TSQ.S3.RETIDOS.2020.1;TSQ;NOITE;2;REGIS NOGUEIRA;<20;;11;3;
T357;FÍSICO-QUÍMICA;TSQ.S3.RETIDOS.2020.1;TSQ;NOITE;2;REGIS NOGUEIRA;<20;;12;3;
T358;GESTÃO DOS RESÍDUOS DA CONST. CIVIL;EPC.S10.2019.2;EPC;MANHA;2;REINALDO CAVALCANTE;<20;;3;5;
T358;GESTÃO DOS RESÍDUOS DA CONST. CIVIL;EPC.S10.2019.2;EPC;MANHA;2;REINALDO CAVALCANTE;<20;;4;5;
T359;INTRODUCAO À ENGENHARIA AMBIENTAL;EAS.S1.2020.1;EAS;TARDE;2;REINALDO CAVALCANTE;>20;;7;5;
T359;INTRODUCAO À ENGENHARIA AMBIENTAL;EAS.S1.2020.1;EAS;TARDE;2;REINALDO CAVALCANTE;>20;;8;5;
T360;TCC 1;EAS.S9.2019.2;EAS;TARDE;2;REINALDO CAVALCANTE;<20;;5;5;
T360;TCC 1;EAS.S9.2019.2;EAS;TARDE;2;REINALDO CAVALCANTE;<20;;6;5;
T361;TCC 2;EAS.S10.2019.2;EAS;MANHA;2;REINALDO CAVALCANTE;>20;;1;3;
T361;TCC 2;EAS.S10.2019.2;EAS;MANHA;2;REINALDO CAVALCANTE;>20;;2;3;
T362;GESTÃO DE RESÍDUOS SÓLIDOS;TMA.S2.2020.1;TMA;NOITE;2;REINALDO CAVALCANTE;>20;;9;5;
T362;GESTÃO DE RESÍDUOS SÓLIDOS;TMA.S2.2020.1;TMA;NOITE;2;REINALDO CAVALCANTE;>20;;10;5;
T363;GESTÃO DE EMISSÕES ATMOSFÉRICAS;TMA.S2.2020.1;TMA;NOITE;2;REINALDO CAVALCANTE;>20;;11;5;
T363;GESTÃO DE EMISSÕES ATMOSFÉRICAS;TMA.S2.2020.1;TMA;NOITE;2;REINALDO CAVALCANTE;>20;;12;5;
T364;HISTÓRIA DA EDUCAÇÃO;LIQ.S1.2020.1;LIQ;NOITE;4;RENATA LINHARES;>20;;9;1;
T364;HISTÓRIA DA EDUCAÇÃO;LIQ.S1.2020.1;LIQ;NOITE;4;RENATA LINHARES;>20;;10;1;
T364;HISTÓRIA DA EDUCAÇÃO;LIQ.S1.2020.1;LIQ;NOITE;4;RENATA LINHARES;>20;;11;3;
T364;HISTÓRIA DA EDUCAÇÃO;LIQ.S1.2020.1;LIQ;NOITE;4;RENATA LINHARES;>20;;12;3;
T365;PSICOLOGIA DO DESENVOLVIMENTO;LIQ.S2.2020.1;LIQ;MANHA;4;RENATA LINHARES;>20;;3;1;
T365;PSICOLOGIA DO DESENVOLVIMENTO;LIQ.S2.2020.1;LIQ;MANHA;4;RENATA LINHARES;>20;;3;3;
T365;PSICOLOGIA DO DESENVOLVIMENTO;LIQ.S2.2020.1;LIQ;MANHA;4;RENATA LINHARES;>20;;4;1;
T365;PSICOLOGIA DO DESENVOLVIMENTO;LIQ.S2.2020.1;LIQ;MANHA;4;RENATA LINHARES;>20;;4;3;
T366;GESTÃO EDUCACIONAL;LIQ.S7.2019.2;LIQ;NOITE;4;RENATA LINHARES;<20;;9;2;
T366;GESTÃO EDUCACIONAL;LIQ.S7.2019.2;LIQ;NOITE;4;RENATA LINHARES;<20;;9;3;
T366;GESTÃO EDUCACIONAL;LIQ.S7.2019.2;LIQ;NOITE;4;RENATA LINHARES;<20;;10;2;
T366;GESTÃO EDUCACIONAL;LIQ.S7.2019.2;LIQ;NOITE;4;RENATA LINHARES;<20;;10;3;
T367;HISTÓRIA DA EDUCAÇÃO;LG.S1.2019.2;LG;NOITE;4;RENATA LINHARES;>20;;11;1;
T367;HISTÓRIA DA EDUCAÇÃO;LG.S1.2019.2;LG;NOITE;4;RENATA LINHARES;>20;;11;2;
T367;HISTÓRIA DA EDUCAÇÃO;LG.S1.2019.2;LG;NOITE;4;RENATA LINHARES;>20;;12;1;
T367;HISTÓRIA DA EDUCAÇÃO;LG.S1.2019.2;LG;NOITE;4;RENATA LINHARES;>20;;12;2;
T368;DESENHO TÉCNICO I;EC.S1.2020.1;EC;TARDE;4;RODRIGO NOGUEIRA;>20;;5;1;
T368;DESENHO TÉCNICO I;EC.S1.2020.1;EC;TARDE;4;RODRIGO NOGUEIRA;>20;;5;2;
T368;DESENHO TÉCNICO I;EC.S1.2020.1;EC;TARDE;4;RODRIGO NOGUEIRA;>20;;6;1;
T368;DESENHO TÉCNICO I;EC.S1.2020.1;EC;TARDE;4;RODRIGO NOGUEIRA;>20;;6;2;
T369;DESENHO ASSISTIDO POR COMPUTADOR;EC.S3.2020.1;EC;MANHA;4;RODRIGO NOGUEIRA;>20;;1;1;
T369;DESENHO ASSISTIDO POR COMPUTADOR;EC.S3.2020.1;EC;MANHA;4;RODRIGO NOGUEIRA;>20;;2;1;
T369;DESENHO ASSISTIDO POR COMPUTADOR;EC.S3.2020.1;EC;MANHA;4;RODRIGO NOGUEIRA;>20;;3;2;
T369;DESENHO ASSISTIDO POR COMPUTADOR;EC.S3.2020.1;EC;MANHA;4;RODRIGO NOGUEIRA;>20;;4;2;
T370;DESENHO TÉCNICO II;EC.S2.RETIDOS.2019.2;EC;MANHA;4;RODRIGO NOGUEIRA;<20;;1;2;
T370;DESENHO TÉCNICO II;EC.S2.RETIDOS.2019.2;EC;MANHA;4;RODRIGO NOGUEIRA;<20;;2;2;
T370;DESENHO TÉCNICO II;EC.S2.RETIDOS.2019.2;EC;MANHA;4;RODRIGO NOGUEIRA;<20;;3;3;
T370;DESENHO TÉCNICO II;EC.S2.RETIDOS.2019.2;EC;MANHA;4;RODRIGO NOGUEIRA;<20;;4;3;
T371;CAD;EAS.S2.2020.1;EAS;MANHA;2;RODRIGO NOGUEIRA;<20;LAB. CAD;1;3;
T371;CAD;EAS.S2.2020.1;EAS;MANHA;2;RODRIGO NOGUEIRA;<20;LAB. CAD;2;3;
T372;PLANEJAMENTO AMBIENTAL URBANO;EAS.S9.2019.2;EAS;TARDE;4;RODRIGO NOGUEIRA;<20;;5;3;
T372;PLANEJAMENTO AMBIENTAL URBANO;EAS.S9.2019.2;EAS;TARDE;4;RODRIGO NOGUEIRA;<20;;6;3;
T372;PLANEJAMENTO AMBIENTAL URBANO;EAS.S9.2019.2;EAS;TARDE;4;RODRIGO NOGUEIRA;<20;;7;2;
T372;PLANEJAMENTO AMBIENTAL URBANO;EAS.S9.2019.2;EAS;TARDE;4;RODRIGO NOGUEIRA;<20;;8;2;
T373;CAD BÁSICO ;TIE.S3.2020.1;TIE;TARDE;2;RODRIGO NOGUEIRA;>20;LAB. CAD;7;1;
T373;CAD BÁSICO ;TIE.S3.2020.1;TIE;TARDE;2;RODRIGO NOGUEIRA;>20;LAB. CAD;8;1;
T374;SISTEMAS DE TRANSPORTES;EPC.S8.2019.2;EPC;TARDE;2;SAMEQUE OLIVEIRA;<20;;5;4;
T374;SISTEMAS DE TRANSPORTES;EPC.S8.2019.2;EPC;TARDE;2;SAMEQUE OLIVEIRA;<20;;6;4;
T375;CÁLCULO II;EC.S2.RETIDOS.2019.2;EC;MANHA;4;SAMEQUE OLIVEIRA;<20;;1;3;
T375;CÁLCULO II;EC.S2.RETIDOS.2019.2;EC;MANHA;4;SAMEQUE OLIVEIRA;<20;;2;3;
T375;CÁLCULO II;EC.S2.RETIDOS.2019.2;EC;MANHA;4;SAMEQUE OLIVEIRA;<20;;3;4;
T375;CÁLCULO II;EC.S2.RETIDOS.2019.2;EC;MANHA;4;SAMEQUE OLIVEIRA;<20;;4;4;
T376;CÁLCULO II;EAS.S2.2020.1;EAS;MANHA;4;SAMEQUE OLIVEIRA;>20;;1;4;
T376;CÁLCULO II;EAS.S2.2020.1;EAS;MANHA;4;SAMEQUE OLIVEIRA;>20;;2;4;
T376;CÁLCULO II;EAS.S2.2020.1;EAS;MANHA;4;SAMEQUE OLIVEIRA;>20;;3;3;
T376;CÁLCULO II;EAS.S2.2020.1;EAS;MANHA;4;SAMEQUE OLIVEIRA;>20;;4;3;
T377;CÁLCULO III;EAS.S3.2019.2;EAS;TARDE;4;SAMEQUE OLIVEIRA;>20;;5;3;
T377;CÁLCULO III;EAS.S3.2019.2;EAS;TARDE;4;SAMEQUE OLIVEIRA;>20;;6;3;
T377;CÁLCULO III;EAS.S3.2019.2;EAS;TARDE;4;SAMEQUE OLIVEIRA;>20;;7;4;
T377;CÁLCULO III;EAS.S3.2019.2;EAS;TARDE;4;SAMEQUE OLIVEIRA;>20;;8;4;
T378;MATEMÁTICA IV ;TIE.S4.RETIDOS.2019.2;TIE;TARDE;2;SAMEQUE OLIVEIRA;<20;;5;2;
T378;MATEMÁTICA IV ;TIE.S4.RETIDOS.2019.2;TIE;TARDE;2;SAMEQUE OLIVEIRA;<20;;6;2;
T379;CÁLCULO NUMÉRICO;EAS.S4.2019.2;EAS;MANHA;2;SAMEQUE OLIVEIRA;<20;;1;2;
T379;CÁLCULO NUMÉRICO;EAS.S4.2019.2;EAS;MANHA;2;SAMEQUE OLIVEIRA;<20;;2;2;
T380;QUÍMICA ORGÂNICA I;LIQ.S3.2019.2;LIQ;NOITE;4;SAMUEL PEDRO;<20;;9;2;
T380;QUÍMICA ORGÂNICA I;LIQ.S3.2019.2;LIQ;NOITE;4;SAMUEL PEDRO;<20;;10;2;
T380;QUÍMICA ORGÂNICA I;LIQ.S3.2019.2;LIQ;NOITE;4;SAMUEL PEDRO;<20;;11;1;
T380;QUÍMICA ORGÂNICA I;LIQ.S3.2019.2;LIQ;NOITE;4;SAMUEL PEDRO;<20;;12;1;
T381;LABORATÓRIO DE QUÍMICA ORGÂNICA;LIQ.S5.2019.2;LIQ;MANHA;2;SAMUEL PEDRO;<20;;1;2;
T381;LABORATÓRIO DE QUÍMICA ORGÂNICA;LIQ.S5.2019.2;LIQ;MANHA;2;SAMUEL PEDRO;<20;;2;2;
T382;QUÍMICA ORGÂNICA I;TIQ.S3.2020.1;TIQ;MANHA;4;SAMUEL PEDRO;>20;;3;1;
T382;QUÍMICA ORGÂNICA I;TIQ.S3.2020.1;TIQ;MANHA;4;SAMUEL PEDRO;>20;;3;2;
T382;QUÍMICA ORGÂNICA I;TIQ.S3.2020.1;TIQ;MANHA;4;SAMUEL PEDRO;>20;;4;1;
T382;QUÍMICA ORGÂNICA I;TIQ.S3.2020.1;TIQ;MANHA;4;SAMUEL PEDRO;>20;;4;2;
T383;QUÍMICA V;TIE.S5.2020.1;TIE;MANHA;2;SAMEQUE OLIVEIRA;<20;;3;2;
T383;QUÍMICA V;TIE.S5.2020.1;TIE;MANHA;2;SAMEQUE OLIVEIRA;<20;;4;2;
T384;QUÍMICA ORGÂNICA;TSQ.S2.2020.1;TSQ;NOITE;4;SAMUEL PEDRO;>20;;9;1;
T384;QUÍMICA ORGÂNICA;TSQ.S2.2020.1;TSQ;NOITE;4;SAMUEL PEDRO;>20;;10;1;
T384;QUÍMICA ORGÂNICA;TSQ.S2.2020.1;TSQ;NOITE;4;SAMUEL PEDRO;>20;;11;2;
T384;QUÍMICA ORGÂNICA;TSQ.S2.2020.1;TSQ;NOITE;4;SAMUEL PEDRO;>20;;12;2;
T385;GESTÃO FINANCEIRA;EPC.S6.2019.2;EPC;TARDE;2;SILVIANE PASSOS;<20;;5;5;
T385;GESTÃO FINANCEIRA;EPC.S6.2019.2;EPC;TARDE;2;SILVIANE PASSOS;<20;;6;5;
T386;GESTÃO DE CUSTOS;EPC.S7.2019.2;EPC;MANHA;2;SILVIANE PASSOS;>20;;1;5;
T386;GESTÃO DE CUSTOS;EPC.S7.2019.2;EPC;MANHA;2;SILVIANE PASSOS;>20;;2;5;
T387;PROJETO ELÉTRICO;TSE.S4.2020.1;TSE;NOITE;2;PAULO ROGÉRIO;<20;;11;3;
T387;PROJETO ELÉTRICO;TSE.S4.2020.1;TSE;NOITE;2;PAULO ROGÉRIO;<20;;12;3;
