TURMA,NOME,CURRÍCULOS ,CURSO,TURNO,CREDITOS,PROFESSOR,INSCRITOS,LABORATORIO
T1,DESENHO ASSISTIDO POR COMPUTADOR,EC.S3.2019.2,EC,TARDE,4,P10,>20,LAB. CAD
T2,CAD,TSE.S2.2020.1,TSE,NOITE,4,P10,<20,
T3,PROJETO ARQUITETÔNICO I,TSE.S3.2019.2,TSE,NOITE,4,P10,<20,LAB. DESENHO TÉCNICO
T4,PROJETO ARQUITETÔNICO II ,TIE.S7.2019.2,TIE,TARDE,4,P10,<20,LAB. CAD
T5,FÍSICA III,EC.S4.2019.2,EC,MANHA,4,P1,>20,
T6,FÍSICA I,EC.S1.RETIDOS.2019.2,EC,MANHA,4,P1,<20,
T7,FÍSICA BÁSICA,TSE.S1.2019.2,TSE,NOITE,2,P1,<20,
T8,ELETRICIDADE BÁSICA,TSE.S2.2020.1,TSE,NOITE,2,P1,>20,
T9,FÍSICA III ,TIE.S3.2020.1,TIE,TARDE,1,P1,>20,
T10,FÍSICA III ,TIE.S3.2020.1,TIE,TARDE,2,P1,>20,
T11,FÍSICA II,TIQ.S2.RETIDOS.2020.1/TIE.S2.RETIDOS.2020.1,OFERTA CONJUNTA,MANHA,4,P1,<20,
T12,QUÍMICA TECNOLÓGICA,EPC.S1.2020.1,EPC,MANHA,4,P2,>20,
T13,QUÍMICA APLICADA,EC.S1.2020.1,EC,TARDE,4,P2,<20,
T14,QUÍMICA ANALÍTICA,TMA.S1.2020.1,TMA,NOITE,4,P2,<20,
T15,QUÍMICA I ,TIE.S1.2020.1,TIE,TARDE,2,P2,>20,
T16,QUÍMICA INORGÂNICA,TSQ.S2.2020.1,TSQ,NOITE,2,P2,>20,
T17,LABORATÓRIO DE QUÍMICA INORGÂNICA,TSQ.S3.RETIDOS.2020.1,TSQ,NOITE,2,P2,<20,LAB. QUÍMICA GERAL E INORGÂNICA
T18,QUÍMICA II ,TIE.S2.RETIDOS.2020.1,TIE,MANHA,2,P2,<20,
T19,QUÍMICA ORGÂNICA,EAS.S3.2019.2,EAS,TARDE,4,P3,<20,
T20,QUÍMICA ORGÂNICA II,LIQ.S4.2019.2,LIQ,MANHA,4,P3,<20,
T21,QUÍMICA ORGÂNICA III,LIQ.S8.2019.2,LIQ,NOITE,4,P3,<20,
T22,ANÁLISE INSTRUMENTAL,LIQ.S10.2019.2,LIQ,TARDE,2,P3,<20,
T23,CÁLCULO I,EPC.S1.2020.1,EPC,MANHA,4,P4,>20,
T24,MÉTODOS NUMÉRICOS PARA ENGENHARIA CIVIL,EC.S4.2019.2,EC,MANHA,2,P4,>20,
T25,CÁLCULO I,EAS.S1.2020.1,EAS,TARDE,4,P4,>20,
T26,CÁLCULO I,LIQ.S2.2020.1,LIQ,MANHA,4,P4,<20,
T27,MATEMÁTICA BÁSICA,TSE.S1.2019.2,TSE,NOITE,2,P4,<20,
T28,ESTATÍSTICA APLICADA,TMA.S2.2020.1,TMA,NOITE,2,P4,<20,
T29,INTRODUÇÃO A LIBRAS,EPC.S8.2019.2,EPC,TARDE,2,P5,<20,
T30,FUNDAMENTOS DE EDUCAÇÃO PARA SURDOS,LIQ.S7.2019.2,LIQ,NOITE,2,P5,<20,
T31,INTRODUÇÃO À LIBRAS,LIQ.S10.2019.2,LIQ,TARDE,2,P5,<20,
T32,LIBRAS,LG.S5.2019.2,LG,NOITE,2,P5,>20,
T33,ASPECTOS FITOGEOGRÁFICOS,EAS.S5.2019.2,EAS,TARDE,2,P6,<20,
T34,RECUPERAÇÃO DE ÁREAS DEGRADADAS,EAS.S9.2019.2,EAS,MANHA,4,P6,<20,
T35,ECOLOGIA,LG.S2.2019.2,LG,NOITE,2,P6,>20,
T36,FITOGEOGRAFIA,LG.S5.2019.2,LG,NOITE,2,P6,<20,
T37,BIOLOGIA GERAL,TMA.S1.2020.1,TMA,NOITE,2,P6,>20,
T38,ECOLOGIA E POLUIÇÃO,TMA.S2.2020.1,TMA,NOITE,4,P6,>20,
T39,FÍSICA III,EPC.S4.2019.2,EPC,TARDE,4,P7,<20,
T40,FÍSICA II,EC.S3.2020.1,EC,MANHA,4,P7,>20,
T41,FÍSICA II,EAS.S3.2019.2,EAS,TARDE,4,P7,>20,
T42,FÍSICA GERAL II,LIQ.S4.2019.2,LIQ,MANHA,4,P7,<20,
T43,FÍSICA I ,TIE.S1.2020.1,TIE,TARDE,4,P7,>20,
T44,MECÂNICA I,EPC.S3.2019.2/EC.S3.2019.2,OFERTA CONJUNTA,MANHA,4,P8,>20,
T45,ELABORAÇÃO DO TRAB. C. CURSO,EPC.S10.2019.2,EPC,MANHA,2,P8,<20,
T46,HIDRÁULICA,EAS.S6.2019.2,EAS,MANHA,2,P8,<20,LAB. HIDRÁULICA
T47,SISTEMA DE ABASTECIMENTO DE ÁGUA,EAS.S10.2019.2,EAS,MANHA,4,P8,<20,LAB. CAD
T48,MECÂNICA I,EPC.S3.2020.1/EC.S3.2020.1,OFERTA CONJUNTA,TARDE,4,P8,>20,
T49,PROJETOS SOCIAIS,EPC.S9.2019.2,EPC,MANHA,2,P9,<20,
T50,MEIO AMBIENTE HISTÓRIA E SOCIEDADE,EAS.S1.2020.1,EAS,TARDE,2,P9,>20,
T51,PROJETO SOCIOAMBIENTAL,EAS.S8.2019.2,EAS,MANHA,2,P9,<20,
T52,HIST. CULT. MEM. INDÍGENA E AFRO-BRAS.,LG.S5.2019.2,LG,NOITE,4,P9,>20,
T53,HISTÓRIA I,TIQ.S1.2020.1,TIQ,TARDE,1,P9,>20,
T54,HISTÓRIA III,TIQ.S3.2020.1,TIQ,MANHA,1,P9,>20,
T55,HISTÓRIA I ,TIE.S1.2020.1,TIE,TARDE,1,P9,>20,
T56,HISTÓRIA III ,TIE.S3.2020.1,TIE,TARDE,1,P9,>20,
T57,ESTATÍSTICA E PROB. PARA ENG.,EPC.S1.2020.1,EPC,MANHA,4,P18,>20,
T58,ESTATÍSTICA,EAS.S5.2019.2,EAS,TARDE,2,P18,<20,
T59,MATEMÁTICA I,TIQ.S1.RETIDOS.2020.1,TIQ,MANHA,4,P18,>20,
T60,MATEMÁTICA I ,TIE.S1.2020.1,TIE,TARDE,4,P18,>20,
T61,MATEMÁTICA V ,TIE.S5.2020.1/TIQ.S5.2020.1,OFERTA CONJUNTA,TARDE,2,P18,<20,
T62,QUÍMICA GERAL I,EAS.S1.2020.1,EAS,TARDE,4,P19,>20,LAB. QUÍMICA GERAL E INORGÂNICA
T63,QUÍMICA GERAL I,LIQ.S1.2020.1,LIQ,NOITE,4,P19,>20,
T64,LABORATÓRIO DE QUÍMICA GERAL,LIQ.S2.2020.1,LIQ,MANHA,2,P19,<20,LAB. QUÍMICA GERAL E INORGÂNICA
T65,INTRODUCAO À ENG. DE PROD. CIVIL,EPC.S1.2020.1,EPC,MANHA,2,P11,>20,
T66,PESQUISA OPERACIONAL I,EPC.S7.2019.2,EPC,MANHA,4,P11,<20,
T67,PLAN. E GER. DE PROJ. AUX. POR COMPUTADOR,EPC.S7.2019.2,EPC,MANHA,4,P11,<20,
T68,PESQUISA OPERACIONAL II,EPC.S9.2019.2,EPC,MANHA,2,P11,<20,LAB. GEOPROCESSAMENTO
T69,COMUNICAÇÃO E LINGUAGEM,LIQ.S1.2020.1,LIQ,NOITE,2,P12,>20,
T70,ESTÁGIO I,LIQ.S5.2019.2,LIQ,MANHA,2,P12,<20,
T71,COMUNICAÇÃO E EXPRESSÃO,TMA.S1.2020.1,TMA,NOITE,2,P12,>20,
T72,LÍNGUA PORTUGUESA V,TIQ.S5.2020.1,TIQ,TARDE,2,P12,>20,
T73,PORTUGUÊS I ,TIE.S1.2020.1,TIE,TARDE,4,P12,>20,
T74,PORTUGUÊS V ,TIE.S5.2020.1,TIE,MANHA,2,P12,>20,
T75,OFICINA DE GEOGRAFIA I,LG.S2.2019.2,LG,NOITE,4,P13,>20,LAB. GEOGRAFIA
T76,OFICINA DE GEOGRAFIA III,LG.S4.2019.2,LG,NOITE,4,P13,>20,
T77,OFICINA DE GEOGRAFIA IV,LG.S7.2019.2,LG,NOITE,4,P13,<20,
T78,ESTÁGIO II,LG.S8.2019.2,LG,NOITE,2,P13,>20,
T79,GESTÃO DE PESSOAS,EPC.S9.2019.2,EPC,MANHA,2,P14,<20,
T80,PLANEJAMENTO E GESTÃO DE PROJETOS,EAS.S7.2019.2,EAS,TARDE,4,P14,>20,
T81,AUDITORIA AMBIENTAL,EAS.S9.2019.2,EAS,MANHA,4,P14,<20,
T82,CERTIFICAÇÃO E AUDITORIA AMBIENTAL,TMA.S4.2020.1,TMA,NOITE,2,P14,<20,
T83,OPERAÇÕES UNITÁRIAS,EAS.S6.2019.2,EAS,MANHA,4,P15,<20,
T84,OPERAÇÕES UNITÁRIAS I,TIQ.S7.2019.2,TIQ,MANHA,2,P15,<20,
T85,INSTRUMENTAÇÃO E CONTROLE,TIQ.S7.2019.2,TIQ,MANHA,2,P15,<20,
T86,CONTROLE DE PROCESSOS,TSQ.S2.2020.1,TSQ,NOITE,2,P15,>20,
T87,PROCESSOS ELETR. E CORROSÃO,TSQ.S4.2020.1,TSQ,NOITE,2,P15,<20,
T88,MECÂNICA DOS FLUIDOS,EPC.S4.2019.2/EAS.S5.2019.2,OFERTA CONJUNTA,TARDE,4,P15,<20,LAB. MEC. FLÚIDOS
T89,CLIMATOLOGIA,LG.S2.2019.2,LG,NOITE,2,P16,>20,
T90,CARTOGRAFIA II,LG.S2.2019.2,LG,NOITE,2,P16,>20,LAB. GEOPROCESSAMENTO
T91,BIOGEOGRAFIA,LG.S3.2019.2,LG,NOITE,2,P16,>20,
T92,HIDROGEOGRAFIA,LG.S5.2019.2,LG,NOITE,4,P16,<20,
T93,GEOGRAFIA REGIONAL,LG.S8.2019.2,LG,NOITE,2,P16,<20,
T94,GEOLOGIA AMBIENTAL,TMA.S2.2020.1,TMA,NOITE,2,P16,>20,
T95,TRATAMENTO DE EFLUENTES 1,EAS.S7.2019.2,EAS,TARDE,4,P17,<20,LAREB
T96,TRATAMENTO DE EFLUENTES 2,EAS.S8.2019.2,EAS,MANHA,4,P17,<20,LAB. CAD
T97,REÚSO DE ÁGUAS,EAS.S9.2019.2,EAS,TARDE,2,P17,<20,LAB. MICROBIOLOGIA
T98,CANTEIRO DE OBRAS ,TIE.S7.2019.2,TIE,TARDE,2,P17,<20,
T99,MATEMÁTICA I,TIQ.S1.2020.1,TIQ,TARDE,4,P18,>20,
T100,BIOLOGIA GERAL,EAS.S1.2020.1,EAS,TARDE,2,P20,>20,
T101,ESTUDOS AMBIENTAIS,EAS.S6.2019.2,EAS,MANHA,4,P20,<20,
T102,BIOLOGIA CELULAR,LIQ.S1.2020.1,LIQ,NOITE,2,P20,>20,
T103,BIOQUÍMICA,LIQ.S7.2019.2,LIQ,NOITE,4,P20,<20,
T104,BIOLOGIA II,TIQ.S5.2020.1,TIQ,TARDE,2,P20,>20,
T105,BIOLOGIA I ,TIE.S3.2020.1,TIE,TARDE,2,P20,<20,
T106,EDUCAÇÃO FÍSICA I,TIQ.S1.2020.1,TIQ,MANHA,2,P21,>20,
T107,EDUCAÇÃO FÍSICA III,TIQ.S3.2020.1,TIQ,MANHA,2,P21,>20,
T108,EDUCAÇÃO FÍSICA V,TIQ.S5.2020.1,TIQ,TARDE,2,P21,>20,
T109,EDUCAÇÃO FÍSICA I ,TIE.S1.2020.1,TIE,TARDE,2,P21,>20,
T110,EDUCAÇÃO FÍSICA III ,TIE.S3.2020.1,TIE,TARDE,2,P21,>20,
T111,EDUCAÇÃO FÍSICA V ,TIE.S5.2020.1,TIE,MANHA,2,P21,>20,
T112,HIDROLOGIA,EPC.S7.2019.2,EPC,MANHA,2,P28,<20,LAB. GEOPROCESSAMENTO
T113,HUMANIDADES,EPC.S8.2019.2,EPC,TARDE,2,P28,>20,
T114,PROJETOS SOCIAIS,LIQ.S8.2019.2,LIQ,NOITE,4,P28,<20,
T115,PROJETO SOCIAL,LG.S6.2019.2,LG,NOITE,2,P28,<20,
T116,EDUCAÇÃO INCLUSIVA,LG.S7.2019.2,LG,NOITE,2,P28,>20,
T117,GEOGRAFIA DO TURISMO,LG.S8.2019.2,LG,NOITE,2,P28,>20,
T118,ÉTICA E EDUCAÇÃO AMBIENTAL,TMA.S1.2020.1,TMA,NOITE,2,P28,>20,
T119,INTRODUÇÃO À ECONOMIA,EPC.S1.2020.1,EPC,MANHA,2,P22,>20,
T120,ADM. DA PRODUÇÃO E OPERAÇÕES I,EPC.S4.2019.2,EPC,TARDE,4,P22,<20,
T121,ADMINISTRAÇÃO ESTRATÉGICA,EPC.S10.2019.2,EPC,MANHA,2,P22,<20,
T122,ADMIN.E. EMPREENDEDORISMO NA ENG. CIVIL.,EC.S1.2020.1,EC,TARDE,2,P22,>20,
T123,EMPREENDEDORISMO,TSE.S4.2020.1,TSE,NOITE,2,P22,<20,
T124,LOGÍSTICA INDUSTRIAL,TIQ.S7.2019.2,TIQ,MANHA,2,P22,<20,
T125,GERENCIAMENTO DA PRODUÇÃO,TIE.S5.2020.1,TIE,MANHA,4,P22,>20,LAB. ENG. PRODUTO
T126,SANEAMENTO,EPC.S10.2019.2,EPC,MANHA,4,P23,<20,
T127,POLUIÇÃO AMBIENTAL,EAS.S5.2019.2,EAS,TARDE,2,P23,>20,LAB. MICROBIOLOGIA
T128,TRATAMENTOS DE ÁGUA PARA ABASTECIMENTO,EAS.S7.2019.2,EAS,TARDE,4,P23,<20,LAREB
T129,ELEMENTOS DO MEIO AMBIENTE,TSE.S2.2020.1,TSE,NOITE,2,P23,<20,
T130,RECUPERAÇÃO DE ÁREAS DEGRADADAS,TMA.S4.2020.1,TMA,NOITE,4,P23,>20,
T131,QUÍMICA AMBIENTAL,EAS.S5.2019.2,EAS,TARDE,4,P24,<20,LAB. QUÍMICA ANALÍTICA
T132,DIDÁTICA DO ENSINO DE QUÍMICA,LIQ.S5.2019.2,LIQ,MANHA,2,P24,<20,
T133,ESTÁGIO II,LIQ.S7.2019.2,LIQ,NOITE,2,P24,<20,
T134,QUÍMICA AMBIENTAL,LIQ.S7.2019.2,LIQ,NOITE,2,P24,<20,LAB. QUÍMICA ANALÍTICA
T135,ESTÁGIO III,LIQ.S8.2019.2,LIQ,NOITE,2,P24,<20,
T136,LABORATÓRIO DE QUÍMICA ORGÂNICA,TSQ.S3.RETIDOS.2020.1,TSQ,NOITE,2,P24,<20,LAB. QUÍMICA ANALÍTICA
T137,GEOGRAFIA DA POPULAÇÃO,LG.S2.2019.2,LG,NOITE,4,P25,>20,
T138,OFICINA DE GEOGRAFIA II,LG.S3.2019.2,LG,NOITE,2,P25,>20,
T139,ESTÁGIO I,LG.S7.2019.2,LG,NOITE,2,P25,>20,
T140,GEOGRAFIA I,TIE.S1.2020.1,TIE,MANHA,2,P25,>20,
T141,GESTÃO DA QUALIDADE,EPC.S3.2019.2,EPC,MANHA,4,P26,<20,
T142,GESTÃO DA QUALIDADE,EPC.S3.2020.1,EPC,TARDE,4,P26,>20,
T143,ERGONOMIA,EPC.S7.2019.2,EPC,MANHA,2,P26,<20,
T144,PROJETO DO TRAB. DE CONCL. DE CURSO,EPC.S8.2019.2,EPC,TARDE,2,P26,<20,
T145,PLANEJAMENTO INDUSTRIAL,EPC.S10.2019.2,EPC,MANHA,2,P26,>20,
T146,PCP (PLAN. E CONTROLE DA PRODUÇÃO),TSE.S2.2020.1,TSE,NOITE,2,P26,>20,LAB. ENG. PRODUTO
T147,PLANEJAMENTO E CONTROLE DA PRODUÇÃO,TIQ.S5.2020.1,TIQ,TARDE,2,P26,>20,
T148,DIDÁTICA GERAL,LIQ.S4.2019.2,LIQ,MANHA,4,P27,<20,
T149,PSICOLOGIA DO DESENVOLVIMENTO,LG.S2.2019.2,LG,NOITE,4,P27,>20,
T150,DIDÁTICA,LG.S4.2019.2,LG,NOITE,4,P27,>20,
T151,POLÍTICA E GESTÃO EDUCACIONAL,LG.S5.2019.2,LG,NOITE,4,P27,>20,
T152,HIDRÁULICA APLICADA,EPC.S5.2019.2,EPC,MANHA,4,P29,<20,LAB. HIDRÁULICA
T153,HIDROLOGIA,EAS.S7.2019.2,EAS,TARDE,2,P29,<20,LAB. GEOPROCESSAMENTO
T154,HIDROGEOLOGIA,EAS.S8.2019.2,EAS,MANHA,2,P29,<20,
T155,PLANEJAMENTO E GESTÃO DE BACIAS,EAS.S9.2019.2,EAS,TARDE,4,P29,<20,
T156,FUNDAMENTOS JURÍDICOS PARA ENG.,EPC.S8.2019.2,EPC,TARDE,2,P30,<20,
T157,CÁLCULO III,EPC.S3.2020.1,EPC,TARDE,4,P31,<20,
T158,CÁLCULO III,EC.S3.2020.1,EC,MANHA,4,P31,>20,
T159,CÁLCULO III,EC.S3.2019.2,EC,TARDE,4,P31,<20,
T160,MATEMÁTICA APLICADA À ENG. CIVIL,EC.S4.2019.2,EC,MANHA,2,P31,<20,
T161,GEOMETRIA ANALÍTICA,EC.S2.RETIDOS.2019.2,EC,MANHA,2,P31,<20,
T162,ÁLGEBRA LINEAR,EAS.S2.2020.1,EAS,MANHA,2,P31,>20,
T163,FUND. SÓCIO-FILISÓFICOS DA EDUCAÇÃO,LIQ.S1.2020.1,LIQ,NOITE,4,P32,>20,
T164,FUND. SÓCIO-FILISÓFICOS DA EDUCAÇÃO,LG.S1.2019.2,LG,NOITE,4,P32,>20,
T165,INTRODUÇÃO A FILOSOFIA,LG.S2.2019.2,LG,NOITE,2,P32,>20,
T166,GEOGRAFIA ECONÔMICA,LG.S4.2019.2,LG,NOITE,4,P32,>20,
T167,GEOGRAFIA POLÍTICA,LG.S7.2019.2,LG,NOITE,2,P32,>20,
T168,FILOSOFIA II,TIQ.S3.2020.1,TIQ,MANHA,1,P32,>20,
T169,FILOSOFIA II ,TIE.S3.2020.1,TIE,TARDE,1,P32,>20,
T170,SOCIOLOGIA II,TIQ.S3.2020.1,TIQ,MANHA,1,P32,>20,
T171,SOCIOLOGIA II ,TIE.S3.2020.1,TIE,TARDE,1,P32,>20,
T172,FÍSICO-QUÍMICA II,LIQ.S5.2019.2,LIQ,MANHA,4,P33,<20,
T173,MECÂNICA DOS FLUIDOS,TSE.S2.2020.1,TSE,NOITE,2,P33,<20,
T174,MECÂNICA DOS FLUIDOS,TIQ.S5.2020.1,TIQ,TARDE,2,P33,>20,
T175,MECÂNICA DOS FLUIDOS ,TSQ.S2.2020.1,TSQ,NOITE,2,P33,<20,
T176,TERMODINÂMICA APLICADA,TSQ.S2.2020.1,TSQ,NOITE,2,P33,>20,
T177,INTRODUÇÃO AO PENSAMENTO GEOGRÁFICO,LG.S1.2019.2,LG,NOITE,4,P34,>20,
T178,GEOGRAFIA URBANA,LG.S5.2019.2,LG,NOITE,4,P34,>20,
T179,GEOGRAFIA DA ENERGIA E INDÚSTRIA,LG.S6.2019.2,LG,NOITE,2,P34,<20,
T180,OFICINA DE MATERIAIS DID. EM GEOGR.,LG.S8.2019.2,LG,NOITE,4,P34,>20,
T181,GEOGRAFIA I,TIQ.S1.2020.1,TIQ,TARDE,2,P34,>20,
T182,GEOGRAFIA AGRÁRIA,LG.S3.2019.2,LG,NOITE,4,P35,>20,
T183,GEOGRAFIA DO BRASIL,LG.S4.2019.2,LG,NOITE,4,P35,>20,
T184,GEOGRAFIA DO NORDESTE E DO CEARÁ,LG.S6.2019.2,LG,NOITE,4,P35,<20,
T185,GEOGRAFIA CULTURAL,LG.S7.2019.2,LG,NOITE,2,P35,>20,
T186,GEOLOGIA PARA ENGENHARIA,EPC.S5.2019.2,EPC,MANHA,2,P36,<20,
T187,GEOLOGIA APLICADA À ENGENHARIA CIVIL,EC.S4.2019.2,EC,MANHA,2,P36,>20,
T188,GEOLOGIA GERAL,LG.S1.2019.2,LG,NOITE,4,P36,>20,
T189,GEOMORFOLOGIA,LG.S3.2019.2,LG,NOITE,4,P36,>20,
T190,DID. E TECN. APLICADAS AO ENSINO DE GEO.,LG.S6.2019.2,LG,NOITE,2,P36,<20,
T191,GEOMORFOLOGIA,EAS.S4.2019.2,EAS,MANHA,2,P36,<20,
T192,ESTRUTURA DE CONCRETO,EPC.S9.2019.2,EPC,MANHA,4,P37,<20,
T193,ESTRUTURAS DE AÇO E MADEIRA,EPC.S10.2019.2,EPC,MANHA,4,P37,<20,
T194,RESISTÊNCIA DOS MATERIAIS,TSE.S3.2019.2,TSE,NOITE,4,P37,<20,
T195,SISTEMAS ESTRUTURAIS,TSE.S4.2020.1,TSE,NOITE,2,P37,<20,
T196,COMUNICAÇÃO E EXPRESSÃO,EAS.S1.2020.1,EAS,TARDE,2,P38,>20,
T197,LÍNGUA PORTUGUESA I,TIQ.S1.2020.1,TIQ,TARDE,4,P38,>20,
T198,LÍNGUA PORTUGUESA III,TIQ.S3.2020.1,TIQ,MANHA,2,P38,>20,
T199,ESPANHOL BÁSICO,TIQ.S7.2019.2,TIQ,MANHA,2,P38,>20,
T200,PORTUGUÊS III ,TIE.S3.2020.1,TIE,TARDE,2,P38,>20,
T201,ESPANHOL BÁSICO ,TIE.S5.2020.1,TIE,MANHA,2,P38,<20,LAB. LÍNGUAS
T202,QUÍMICA GERAL II,EAS.S2.2020.1,EAS,MANHA,4,P39,<20,
T203,HISTÓRIA DA QUÍMICA,LIQ.S2.2020.1,LIQ,MANHA,2,P39,>20,
T204,QUÍMICA INORGÂNICA II,LIQ.S4.2019.2,LIQ,MANHA,2,P39,<20,
T205,LABORATÓRIO DE QUÍMICA INORGÂNICA,LIQ.S4.2019.2,LIQ,MANHA,2,P39,<20,LAB. QUÍMICA GERAL E INORGÂNICA
T206,CÁLCULO III,EPC.S3.2019.2,EPC,MANHA,4,P40,<20,
T207,CÁLCULO VETORIAL,EAS.S4.2019.2,EAS,TARDE,4,P40,<20,
T208,CÁLCULO II,LIQ.S3.2019.2,LIQ,NOITE,4,P40,<20,
T209,ESTATÍSTICA APLICADA À GEOGRAFIA,LG.S3.2019.2,LG,NOITE,2,P40,>20,
T210,MATEMÁTICA APLICADA,TMA.S1.2020.1,TMA,NOITE,4,P40,>20,
T211,PROCESSOS INDUSTRIAIS,EAS.S8.2019.2,EAS,MANHA,4,P41,<20,
T212,PROCESSOS INDUSTRIAIS E TECN. LIMPAS,TMA.S4.2020.1,TMA,NOITE,4,P41,<20,
T213,PROCESSOS ORGÂNICOS,TIQ.S7.2019.2,TIQ,MANHA,2,P41,<20,
T214,MICROBIOLOGIA INDUSTRIAL,TIQ.S7.2019.2,TIQ,MANHA,2,P41,<20,
T215,TRATAMENTO DE ÁGUA PARA INDÚSTRIA,TSQ.S2.2020.1,TSQ,NOITE,2,P41,>20,
T216,TÉCNICAS DE CONSTRUÇÃO,TSQ.S4.2020.1,TSQ,NOITE,2,P41,<20,
T217,PROCESSOS INORGÂNICOS,TIQ.S8.RETIDOS.2019.2,TIQ,TARDE,2,P41,<20,
T218,CÁLCULO I,EC.S1.2020.1,EC,TARDE,4,P42,>20,
T219,CÁLCULO I,EAS.S1.RETIDOS.2020.1,EAS,MANHA,4,P42,>20,
T220,FUNDAMENTOS DE MATEMÁTICA,LIQ.S1.2020.1,LIQ,NOITE,4,P42,>20,
T221,MATEMÁTICA III,TIQ.S3.2020.1,TIQ,MANHA,2,P42,<20,
T222,MATEMÁTICA III ,TIE.S3.2020.1,TIE,TARDE,2,P42,<20,
T223,MATEMÁTICA II ,TIQ.S2.RETIDOS.2020.1/TIE.S2.RETIDOS.2020.1,OFERTA CONJUNTA,MANHA,4,P42,<20,
T224,PEDOLOGIA,EAS.S3.2019.2,EAS,TARDE,4,P43,<20,
T225,CLIMATOLOGIA AMBIENTAL,EAS.S6.2019.2,EAS,MANHA,2,P43,<20,
T226,METODOLOGIA CIENTÍFICA,LG.S1.2019.2,LG,NOITE,2,P43,>20,
T227,PEDOLOGIA,LG.S4.2019.2,LG,NOITE,4,P43,>20,
T228,PRÁTICA PROFISSIONAL (PROJ. INTEGRADO),TMA.S4.2020.1,TMA,NOITE,2,P43,>20,
T229,MECÂNICA DOS SOLOS,EAS.S9.2019.2/EPC.S6.2019.2,OFERTA CONJUNTA,TARDE,4,P44,<20,LAB. DE SOLOS E MATERIAIS
T230,MECANICA DOS SOLOS ,TSE.S2.2020.1,TSE,NOITE,4,P44,<20,LAB. DE SOLOS E MATERIAIS
T231,MATERIAIS DE CONSTRUÇÃO,TSE.S2.2020.1,TSE,NOITE,4,P44,<20,LAB. DE SOLOS E MATERIAIS
T232,MECÂNICA DOS SOLOS I ,TIE.S5.2020.1,TIE,MANHA,2,P44,>20,
T233,MATERIAIS DE CONSTRUÇÃO I ,TIE.S5.2020.1,TIE,MANHA,4,P44,<20,LAB. DE SOLOS E MATERIAIS
T234,QUÍMICA GERAL II,LIQ.S2.2020.1,LIQ,MANHA,4,P45,<20,
T235,QUÍMICA INORGÂNICA I,LIQ.S3.2019.2,LIQ,NOITE,4,P45,<20,
T236,QUÍMICA GERAL I,TIQ.S1.2020.1,TIQ,TARDE,4,P45,>20,
T237,LABORATÓRIO DE QUÍMICA,TIQ.S3.2020.1,TIQ,MANHA,2,P45,>20,LAB. QUÍMICA GERAL E INORGÂNICA
T238,QUÍMICA INORGÂNICA,TIQ.S3.2020.1,TIQ,MANHA,2,P45,>20,
T239,MATERIAIS DE CONSTRUÇÃO,EC.S3.2020.1,EC,MANHA,4,P46,>20,LAB. DE SOLOS E MATERIAIS
T240,INDUSTRIALIZAÇÃO DA CONSTRUÇÃO CIVIL,EPC.S6.2019.2,EPC,TARDE,2,P46,<20,
T241,PATOLOGIA E RECUP. DAS CONSTRUÇÕES,EPC.S10.2019.2,EPC,MANHA,2,P46,<20,
T242,PATOLOGIA DAS CONSTRUÇÕES,TSE.S3.2019.2,TSE,NOITE,2,P46,<20,
T243,RESISTÊNCIA DOS MATERIAIS I,TIE.S3.2020.1,TIE,TARDE,2,P46,>20,LAB. DE SOLOS E MATERIAIS
T244,MATERIAIS DE CONSTRUÇÃO I ,EC.S3.2019.2/EPC.S4.2019.2,OFERTA CONJUNTA,TARDE,4,P46,>20,LAB. DE SOLOS E MATERIAIS
T245,METODOLOGIA DA PESQUISA ,EPC.S5.2019.2/EAS.S6.2019.2,OFERTA CONJUNTA,MANHA,2,P47,<20,
T246,METODOLOGIA DO TRAB. CIENTÍFICO,LIQ.S2.2020.1,LIQ,MANHA,2,P47,>20,
T247,ESTÁGIO I,LIQ.S6.2019.2,LIQ,NOITE,2,P47,<20,
T248,TRABALHO DE CONCLUSÃO DE CURSO I,LIQ.S8.2019.2,LIQ,NOITE,4,P47,<20,
T249,MONOGRAFIA DO ENSINO DE QUÍMICA,LIQ.S10.2019.2,LIQ,TARDE,4,P47,<20,
T250,ARTES,TIQ.S1.2020.1,TIQ,TARDE,1,P47,>20,
T251,ARTES ,TIE.S1.2020.1,TIE,TARDE,1,P47,>20,
T252,CONSTRUÇÃO CIVIL,EPC.S5.2019.2,EPC,MANHA,4,P48,<20,LAB. TEC. CONSTRUTIVAS
T253,PROJETO HIDROSANITÁRIO,EAS.S9.2019.2/EPC.S6.2019.2,OFERTA CONJUNTA,TARDE,4,P48,<20,LAB. CAD
T254,MATERIAIS DE CONSTRUÇÃO II,EC.S4.2019.2,EC,MANHA,4,P48,>20,LAB. DE SOLOS E MATERIAIS
T255,PROJETO HIDROSSANITÁRIO,TSE.S4.2020.1,TSE,NOITE,4,P48,<20,LAB. CAD
T256,GESTÃO AMBIENTAL,EPC.S8.2019.2,EPC,TARDE,2,P49,>20,
T257,LEGISLAÇÃO AMBIENTAL,EAS.S6.2019.2,EAS,MANHA,2,P49,<20,
T258,GESTÃO AMBIENTAL,EAS.S8.2019.2,EAS,MANHA,4,P49,<20,
T259,EDUCAÇÃO AMBIENTAL,LG.S6.2019.2,LG,NOITE,2,P49,<20,LEEABC
T260,LEGISLAÇÃO AMBIENTAL,TMA.S2.2020.1,TMA,NOITE,2,P49,>20,
T261,INSTALAÇÕES ELÉTRICAS PREDIAIS,EPC.S5.2019.2,EPC,MANHA,4,P50,<20,
T262,ESPECIFICAÇÕES E ORÇAMENTO,EPC.S6.2019.2,EPC,TARDE,2,P50,>20,LAB. ENG. PRODUTO
T263,ESTRADAS,EPC.S9.2019.2,EPC,MANHA,4,P50,<20,
T264,INTRODUCAO À ENGENHARIA CIVIL,EC.S1.2020.1,EC,TARDE,2,P50,>20,
T265,PROJETO ELÉTRICO,TIE.S7.2019.2,TIE,TARDE,4,P50,<20,LAB. TEC. CONSTRUTIVAS
T266,MICROBIOLOGIA,EAS.S4.2019.2,EAS,MANHA,4,P51,<20,LAB. MICROBIOLOGIA
T267,LIMNOLOGIA,EAS.S5.2019.2,EAS,TARDE,2,P51,<20,LAB. MICROBIOLOGIA
T268,GESTÃO DE EFLUENTES,TMA.S4.2020.1,TMA,NOITE,4,P51,<20,
T269,MICROBIOLOGIA GERAL,TSQ.S2.2020.1,TSQ,NOITE,2,P51,>20,
T270,TRATAMENTO DE RESÍDUOS E EFLUENTES,TSQ.S2.2020.1,TSQ,NOITE,2,P51,>20,
T271,EDUCAÇÃO AMBIENTAL,EAS.S2.2020.1,EAS,MANHA,2,P51,>20,
T272,SISTEMA DE INFOR. GEOGRÁFICA APLICADO,EAS.S7.2019.2,EAS,TARDE,4,P52,<20,
T273,CARTOGRAFIA I,LG.S1.2019.2,LG,NOITE,2,P52,>20,
T274,GEOMORFOLOGIA DO SERTÃO,LG.S6.2019.2,LG,NOITE,2,P52,<20,
T275,GEOPROCESSAMENTO E CARTOGRAFIA DIGITAL,LG.S7.2019.2,LG,NOITE,2,P52,<20,LAB. GEOPROCESSAMENTO
T276,TCC I,LG.S8.2019.2,LG,NOITE,4,P52,>20,
T277,FÍSICO-QUÍMICA III,LIQ.S6.2019.2,LIQ,NOITE,2,P54,<20,
T278,FÍSICO-QUÍMICA II,TIQ.S7.2019.2,TIQ,MANHA,2,P54,<20,
T279,QUÍMICA III ,TIE.S3.2020.1,TIE,MANHA,2,P54,>20,
T280,QUÍMICA IV ,TIE.S4.RETIDOS.2019.2,TIE,TARDE,2,P54,<20,
T281,OPERAÇÕES UNITÁRIAS II,TSQ.S4.2020.1,TSQ,NOITE,4,P54,<20,
T282,LABORATÓRIO DE FÍSICO-QUIMICA,TSQ.S4.2020.1,TSQ,NOITE,2,P54,<20,LAB. QUÍMICA ANALÍTICA
T283,OPERAÇÕES UNITÁRIAS II,TIQ.S8.RETIDOS.2019.2,TIQ,TARDE,4,P54,<20,
T284,RESISTÊNCIA DOS MATERIAIS,EPC.S4.2019.2,EPC,TARDE,4,P53,<20,
T285,ESTÁTICA DAS CONSTRUÇÕES,EPC.S5.2019.2,EPC,MANHA,4,P53,<20,
T286,MECÂNICA GERAL II,EC.S4.2019.2,EC,MANHA,4,P53,>20,
T287,FÍSICA II,EPC.S3.2020.1,EPC,TARDE,4,P55,<20,
T288,FÍSICA I,EAS.S2.2020.1,EAS,MANHA,4,P55,<20,
T289,FÍSICA GERAL I,LIQ.S3.2019.2,LIQ,NOITE,4,P55,<20,
T290,FÍSICA I,TIQ.S1.2020.1,TIQ,TARDE,4,P55,>20,
T291,PSICOLOGIA DA APRENDIZAGEM,LIQ.S3.2019.2,LIQ,NOITE,4,P56,<20,
T292,POLÍTICA EDUCACIONAL,LIQ.S5.2019.2,LIQ,MANHA,4,P56,<20,
T293,PSICOLOGIA DA APRENDIZAGEM,LG.S3.2019.2,LG,NOITE,4,P56,<20,
T294,CURRÍCULOS E PROGRAMAS ,LIQ.S6.2019.2/LG.S6.2019.2,OFERTA CONJUNTA,NOITE,4,P56,>20,
T295,QUÍMICA ANALÍTICA,EAS.S4.2019.2,EAS,MANHA,4,P57,>20,LAB. QUÍMICA ANALÍTICA
T296,QUÍMICA ANALÍTICA II,LIQ.S6.2019.2,LIQ,NOITE,4,P57,<20,
T297,LABORATÓRIO DE QUÍMICA ANALÍTICA,LIQ.S6.2019.2,LIQ,NOITE,4,P57,<20,LAB. QUÍMICA ANALÍTICA
T298,QUÍMICA ANALÍTICA,TMA.S2.2020.1,TMA,NOITE,2,P57,<20,
T299,ANÁLISE INSTRUMENTAL,TIQ.S7.2019.2,TIQ,MANHA,4,P57,<20,
T300,INTRODUÇÃO À ADMINISTRAÇÃO,EPC.S1.2020.1,EPC,MANHA,2,P58,>20,
T301,ADM. DA PRODUÇÃO E OPERAÇÕES II,EPC.S6.2019.2,EPC,TARDE,2,P58,<20,
T302,LOGÍSTICA EMPRESARIAL,EPC.S7.2019.2,EPC,MANHA,4,P58,<20,
T303,GESTÃO DA CADEIA DE SUPRIMENTOS,EPC.S9.2019.2,EPC,MANHA,2,P58,<20,
T304,GESTÃO DA INOVAÇÃO,EPC.S10.2019.2,EPC,MANHA,2,P58,>20,
T305,EMPREENDEDORISMO,TIQ.S5.2020.1,TIQ,TARDE,2,P58,>20,
T306,ESTÁGIO SUPERVISIONADO,EPC.S8.2019.2,EPC,TARDE,2,P58,<20,
T307,INGLÊS INSTRUMENTAL,EAS.S1.2020.1,EAS,TARDE,2,P59,>20,
T308,INGLÊS INSTRUMENTAL,LIQ.S2.2020.1,LIQ,MANHA,2,P59,>20,
T309,INGLÊS INSTRUMENTAL II,LIQ.S10.2019.2,LIQ,TARDE,2,P59,<20,
T310,INGLÊS INSTRUMENTAL,LG.S6.2019.2,LG,NOITE,2,P59,<20,
T311,INGLÊS BÁSICO,TIQ.S7.2019.2,TIQ,TARDE,2,P59,<20,
T312,INGLÊS BÁSICO ,TIE.S5.2020.1,TIE,MANHA,2,P59,>20,LAB. LÍNGUAS
T313,TOPOGRAFIA,EAS.S4.2019.2/EPC.S3.2019.2,OFERTA CONJUNTA,MANHA,4,P60,<20,
T314,TOPOGRAFIA,EPC.S3.2020.1,EPC,TARDE,4,P60,>20,
T315,HIGIENE E SEGURANÇA DO TRABALHO,EAS.S7.2019.2/EPC.S7.2019.2,OFERTA CONJUNTA,MANHA,2,P60,>20,
T316,HIGIENE E SEGURANÇA DO TRABALHO (HST),EC.S4.2019.2,EC,MANHA,2,P60,>20,
T317,TOPOGRAFIA (OFERTA CONJUNTA),TSE.S3.2019.2,TSE,NOITE,2,P60,<20,
T318,LOCAÇÃO TOPOGRÁFICA ,TIE.S7.2019.2,TIE,TARDE,2,P60,<20,
T319,HIGIENE E SEGURANÇA DO TRABALHO ,TIE.S7.2019.2,TIE,TARDE,2,P60,<20,
T320,HIGIENE E SEGURANÇA NO TRABALHO,TSE.S3.2019.2/TMA.S4.2020.1/TSQ.S2.2020.1,OFERTA CONJUNTA,NOITE,2,P60,<20,
T321,GERENCIAMENTO DE OBRAS,EPC.S6.2019.2,EPC,TARDE,4,P61,<20,
T322,TÉCNICAS DA CONSTRUÇÃO (TECCONS),TSE.S3.2019.2,TSE,NOITE,4,P61,<20,LAB. TEC. CONSTRUTIVAS
T323,ESPECIFICAÇÕES E ORÇAMENTOS,TSE.S4.2020.1,TSE,NOITE,2,P61,<20,LAB. LÍNGUAS
T324,RESISTÊNCIA DOS MATERIAIS II ,TIE.S7.2019.2,TIE,TARDE,2,P61,<20,
T325,RESISTÊNCIA DOS MATERIAIS II ,TIE.S7.2019.2,TIE,TARDE,4,P61,<20,
T326,FÍSICA II,EPC.S3.2019.2,EPC,MANHA,4,P62,<20,
T327,FÍSICA II ,EC.S3.2019.2,EC,TARDE,4,P62,<20,
T328,FÍSICA III,EAS.S4.2019.2,EAS,MANHA,4,P62,<20,
T329,FÍSICA III,TIQ.S3.2020.1,TIQ,TARDE,2,P62,>20,
T330,FÍSICA III,TIQ.S3.2020.1,TIQ,TARDE,1,P62,>20,
T331,FÍSICA IV ,TIE.S4.RETIDOS.2019.2,TIE,TARDE,2,P62,<20,
T332,FÍSICA IV ,TIE.S4.RETIDOS.2019.2,TIE,TARDE,1,P62,<20,
T333,GESTÃO DA TECNOLOGIA DA INFORMAÇÃO,EPC.S9.2019.2,EPC,MANHA,4,P69,<20,
T334,ALGORITMOS E LÓGICA DE PROGRAMAÇÃO,EC.S1.2020.1,EC,TARDE,4,P69,>20,
T335,PROGRAMAÇÃO APLICADA À ENGENHARIA,EAS.S3.2019.2,EAS,TARDE,2,P69,>20,
T336,INFORMÁTICA APLICADA AO ENSINO,LIQ.S7.2019.2,LIQ,NOITE,2,P69,<20,LAB. GEOPROCESSAMENTO
T337,INFORMÁTICA APLICADA AO ENSINO,LG.S3.2019.2,LG,NOITE,2,P69,>20,LAB. CAD
T338,INFORMÁTICA APLICADA,TMA.S1.2020.1,TMA,NOITE,2,P69,>20,LAB. LÍNGUAS
T339,INFORMÁTICA APLICADA,TIQ.S3.2020.1,TIQ,MANHA,2,P69,>20,LAB. GEOPROCESSAMENTO
T340,INFORMÁTICA BÁSICA ,TIE.S1.2020.1,TIE,TARDE,2,P69,>20,LAB. LÍNGUAS
T341,QUÍMICA ANALÍTICA I,LIQ.S5.2019.2,LIQ,MANHA,4,P63,<20,
T342,QUÍMICA ANALÍTICA QUANTITATIVA I,TIQ.S5.2020.1,TIQ,TARDE,4,P63,>20,
T343,ANÁLISE INSTRUMENTAL,TSQ.S4.2020.1,TSQ,NOITE,4,P63,<20,
T344,LABORATÓRIO DE QUÍMICA ANALÍTICA,TSQ.S4.2020.1,TSQ,NOITE,4,P63,<20,LAB. QUÍMICA ANALÍTICA
T345,DESENHO TÉCNICO,EPC.S1.2020.1,EPC,MANHA,2,P64,>20,LAB. DESENHO TÉCNICO
T346,DESENHO TÉCNICO,EAS.S1.2020.1,EAS,TARDE,2,P64,<20,LAB. CAD
T347,PROJETO ARQUITETÔNICO II,TSE.S4.2020.1,TSE,NOITE,4,P64,<20,LAB. GEOPROCESSAMENTO
T348,DESENHO TÉCNICO,TMA.S1.2020.1,TMA,NOITE,2,P64,>20,LAB. DESENHO TÉCNICO
T349,DESENHO ASSISTIDO POR COMPUTADOR,TMA.S2.2020.1,TMA,NOITE,2,P64,<20,LAB. CAD
T350,DESENHO BÁSICO,TIQ.S5.2020.1,TIQ,TARDE,2,P64,>20,LAB. DESENHO TÉCNICO
T351,DESENHO TÉCNICO ,TIE.S3.2020.1,TIE,TARDE,2,P64,<20,LAB. DESENHO TÉCNICO
T352,TERMODINÂMICA APLICADA,EAS.S5.2019.2,EAS,TARDE,4,P65,<20,
T353,FÍSICO-QUÍMICA I,LIQ.S4.2019.2,LIQ,MANHA,4,P65,<20,
T354,LABORATÓRIO DE FÍSICO-QUÍMICA,LIQ.S8.2019.2,LIQ,NOITE,2,P65,<20,LAB. QUÍMICA MATERIAIS
T355,QUÍMICA GERAL II,TIQ.S2.RETIDOS.2020.1,TIQ,MANHA,4,P65,<20,
T356,TERMODINÂMICA APLICADA,TIQ.S7.2019.2,TIQ,MANHA,2,P65,<20,
T357,FÍSICO-QUÍMICA,TSQ.S3.RETIDOS.2020.1,TSQ,NOITE,2,P65,<20,
T358,GESTÃO DOS RESÍDUOS DA CONST. CIVIL,EPC.S10.2019.2,EPC,MANHA,2,P66,<20,
T359,INTRODUCAO À ENGENHARIA AMBIENTAL,EAS.S1.2020.1,EAS,TARDE,2,P66,>20,
T360,TCC 1,EAS.S9.2019.2,EAS,TARDE,2,P66,<20,
T361,TCC 2,EAS.S10.2019.2,EAS,MANHA,2,P66,>20,
T362,GESTÃO DE RESÍDUOS SÓLIDOS,TMA.S2.2020.1,TMA,NOITE,2,P66,>20,
T363,GESTÃO DE EMISSÕES ATMOSFÉRICAS,TMA.S2.2020.1,TMA,NOITE,2,P66,>20,
T364,HISTÓRIA DA EDUCAÇÃO,LIQ.S1.2020.1,LIQ,NOITE,4,P67,>20,
T365,PSICOLOGIA DO DESENVOLVIMENTO,LIQ.S2.2020.1,LIQ,MANHA,4,P67,>20,
T366,GESTÃO EDUCACIONAL,LIQ.S7.2019.2,LIQ,NOITE,4,P67,<20,
T367,HISTÓRIA DA EDUCAÇÃO,LG.S1.2019.2,LG,NOITE,4,P67,>20,
T368,DESENHO TÉCNICO I,EC.S1.2020.1,EC,TARDE,4,P68,>20,
T369,DESENHO ASSISTIDO POR COMPUTADOR,EC.S3.2020.1,EC,MANHA,4,P68,>20,
T370,DESENHO TÉCNICO II,EC.S2.RETIDOS.2019.2,EC,MANHA,4,P68,<20,
T371,CAD,EAS.S2.2020.1,EAS,MANHA,2,P68,<20,LAB. CAD
T372,PLANEJAMENTO AMBIENTAL URBANO,EAS.S9.2019.2,EAS,TARDE,4,P68,<20,
T373,CAD BÁSICO ,TIE.S3.2020.1,TIE,TARDE,2,P68,>20,LAB. CAD
T374,SISTEMAS DE TRANSPORTES,EPC.S8.2019.2,EPC,TARDE,2,P70,<20,
T375,CÁLCULO II,EC.S2.RETIDOS.2019.2,EC,MANHA,4,P70,<20,
T376,CÁLCULO II,EAS.S2.2020.1,EAS,MANHA,4,P70,>20,
T377,CÁLCULO III,EAS.S3.2019.2,EAS,TARDE,4,P70,>20,
T378,MATEMÁTICA IV ,TIE.S4.RETIDOS.2019.2,TIE,TARDE,2,P70,<20,
T379,CÁLCULO NUMÉRICO,EAS.S4.2019.2,EAS,MANHA,2,P70,<20,
T380,QUÍMICA ORGÂNICA I,LIQ.S3.2019.2,LIQ,NOITE,4,P71,<20,
T381,LABORATÓRIO DE QUÍMICA ORGÂNICA,LIQ.S5.2019.2,LIQ,MANHA,2,P71,<20,
T382,QUÍMICA ORGÂNICA I,TIQ.S3.2020.1,TIQ,MANHA,4,P71,>20,
T383,QUÍMICA V,TIE.S5.2020.1,TIE,MANHA,2,P70,<20,
T384,QUÍMICA ORGÂNICA,TSQ.S2.2020.1,TSQ,NOITE,4,P71,>20,
T385,GESTÃO FINANCEIRA,EPC.S6.2019.2,EPC,TARDE,2,P72,<20,
T386,GESTÃO DE CUSTOS,EPC.S7.2019.2,EPC,MANHA,2,P72,>20,
T387,PROJETO ELÉTRICO,TSE.S4.2020.1,TSE,NOITE,2,P61,<20,